title,tmdb_id,tmdb_title,year,genre_ids,original_language,popularity,vote_count,vote_average,budget,revenue,runtime,production_company_id,minhas_notas
Violet,665901,Violet,2021,[18],en,1.025,25,7.0,0,0,92,20443.0,4.0
Hot Fuzz,4638,Hot Fuzz,2007,"[80, 28, 35]",en,5.328,7691,7.562,12000000,80600000,121,443.0,3.5
The World's End,107985,The World's End,2013,"[35, 28, 878]",en,4.319,5473,6.807,20000000,46100000,109,443.0,3.0
Scott Pilgrim vs. the World,22538,Scott Pilgrim vs. the World,2010,"[28, 35, 10749]",en,8.117,7993,7.491,85000000,51691156,113,2527.0,4.0
La La Land,313369,La La Land,2016,"[35, 18, 10749, 10402]",en,12.232,17121,7.9,30000000,509183536,129,491.0,3.0
Attack the Block,59678,Attack the Block,2011,"[28, 35, 878]",en,3.713,2082,6.5,14350531,3964682,88,2452.0,3.0
Dune,438631,Dune,2021,"[878, 12]",en,20.906,13269,7.8,165000000,407573628,155,923.0,2.0
Pulp Fiction,680,Pulp Fiction,1994,"[53, 80]",en,18.503,28412,8.5,8000000,213928762,154,14.0,4.0
Once Upon a Time... in Hollywood,466272,Once Upon a Time... in Hollywood,2019,"[35, 18, 53]",en,11.381,13710,7.4,95000000,392105159,162,437.0,4.5
Inglourious Basterds,16869,Inglourious Basterds,2009,"[18, 53, 10752]",en,16.889,22618,8.216,70000000,321457747,153,33.0,4.5
Django Unchained,68718,Django Unchained,2012,"[18, 37]",en,9.772,26544,8.183,100000000,425368238,165,308.0,4.5
The Hateful Eight,273248,The Hateful Eight,2015,"[18, 9648, 37]",en,5.873,14376,7.755,44000000,155760117,188,308.0,4.5
Jackie Brown,184,Jackie Brown,1997,"[80, 18, 53]",en,5.103,6440,7.357,12000000,74727492,154,14.0,4.0
Four Rooms,5,Four Rooms,1995,[35],en,4.081,2677,5.9,4000000,4257354,98,14.0,3.0
Pitch Perfect,114150,Pitch Perfect,2012,"[35, 10402, 10749]",en,7.174,6574,7.284,17000000,115647426,112,12365.0,3.0
Pitch Perfect 2,254470,Pitch Perfect 2,2015,"[35, 10402]",en,7.352,5315,6.855,29000000,287144079,115,12365.0,3.0
The Good Dinosaur,105864,The Good Dinosaur,2015,"[12, 16, 10751]",en,7.264,5606,6.7,175000000,332207671,93,3.0,3.0
Brave,62177,Brave,2012,"[16, 12, 35, 10751, 28, 14]",en,9.205,13512,7.02,185000000,539000000,93,2.0,4.0
A Bug's Life,9487,A Bug's Life,1998,"[10751, 16, 12, 35]",en,9.431,9241,6.97,80000000,363258859,95,2.0,4.5
Onward,508439,Onward,2020,"[10751, 16, 12, 35, 14]",en,6.18,6217,7.672,200000000,141940042,103,2.0,4.5
Soul,508442,Soul,2020,"[16, 10751, 35, 14]",en,10.828,10657,8.1,150000000,121977511,101,2.0,4.0
Monsters University,62211,Monsters University,2013,"[16, 10751]",en,10.932,10737,7.038,200000000,743600000,104,3.0,3.0
WALL·E,10681,WALL·E,2008,"[16, 10751, 878]",en,11.669,19039,8.1,180000000,521311860,98,3.0,4.5
Cars,920,Cars,2006,"[16, 12, 35, 10751]",en,7.762,14190,7.0,120000000,461983149,117,3.0,3.5
"Monsters, Inc.",585,"Monsters, Inc.",2001,"[16, 35, 10751]",en,20.402,18694,7.842,115000000,579700000,92,3.0,4.0
Finding Nemo,12,Finding Nemo,2003,"[16, 10751]",en,14.207,19498,7.817,94000000,940335536,100,3.0,4.5
Incredibles 2,260513,Incredibles 2,2018,"[28, 12, 16, 10751]",en,8.676,12985,7.455,200000000,1242805359,118,2.0,4.5
Inside Out,150540,Inside Out,2015,"[16, 10751, 12, 18, 35]",en,19.976,22323,7.911,175000000,857611174,95,3.0,4.0
Coco,354912,Coco,2017,"[10751, 16, 10402, 12]",en,18.483,19792,8.205,175000000,807816196,105,3.0,4.5
Toy Story 3,10193,Toy Story 3,2010,"[16, 10751, 35]",en,13.018,14856,7.8,200000000,1067316101,103,3.0,4.5
Spider-Man 2,558,Spider-Man 2,2004,"[28, 12, 878]",en,6.425,15344,7.288,200000000,788976453,127,19551.0,2.0
Get Out,419430,Get Out,2017,"[9648, 53, 27]",en,7.448,17710,7.615,4500000,255407969,104,88934.0,4.5
Us,458723,Us,2019,"[27, 53, 9648]",en,5.068,7443,7.0,20000000,256067149,116,88934.0,4.0
Joker,475557,Joker,2019,"[80, 53, 18]",en,15.815,26189,8.1,55000000,1078958629,122,174.0,4.0
BlacKkKlansman,487558,BlacKkKlansman,2018,"[80, 35, 18, 36]",en,4.34,7603,7.499,15000000,93411426,136,10146.0,4.0
Ring,2671,Ring,1998,"[27, 53]",ja,4.49,1464,7.1,1200000,19400000,96,1194.0,4.0
The Ring,565,The Ring,2002,"[27, 9648]",en,6.561,6252,6.672,48000000,249348933,115,7.0,2.5
Ju-on: The Grudge,11838,Ju-on: The Grudge,2002,[27],ja,4.483,815,6.7,3500000,3657876,92,4563.0,3.5
The Handmaiden,290098,The Handmaiden,2016,"[53, 18, 10749]",ko,10.221,3849,8.2,8575000,38600000,145,34725.0,4.5
The Call,746817,The Call,2020,"[27, 53]",en,3.561,161,5.5,0,791762,97,143657.0,2.0
Candyman,565028,Candyman,1992,"[27, 9648, 53]",en,4.259,1591,6.0,25000000,77411570,91,21.0,1.0
Don't Breathe,300669,Don't Breathe,2016,"[27, 53]",en,4.522,7515,7.015,9900000,158906350,89,3287.0,4.0
It,346364,It,2017,"[27, 53]",en,7.517,19226,7.2,35000000,703000000,135,12.0,4.5
It Chapter Two,474350,It Chapter Two,2019,"[27, 53]",en,9.003,8855,6.839,79000000,473123154,169,12.0,4.0
World War Z,72190,World War Z,2013,"[28, 27, 878, 53]",en,13.113,15579,6.819,200000000,531865000,116,3281.0,1.5
Hush,376570,Hush,2016,"[27, 53]",en,3.826,4610,6.7,0,0,82,1224.0,3.5
Unfriended,277685,Unfriended,2014,"[27, 9648, 53]",en,3.695,3357,5.524,1000000,62900000,83,3172.0,1.0
Scream,4232,Scream,2022,"[80, 27, 9648]",en,8.882,7187,7.409,14000000,173046663,112,7405.0,3.0
A Quiet Place,447332,A Quiet Place,2018,"[27, 18, 878]",en,12.594,14411,7.4,17000000,340955294,91,4.0,4.0
Cloverfield,7191,Cloverfield,2008,"[28, 53, 878]",en,5.264,7197,6.692,25000000,170764026,84,11461.0,3.0
Split,358364,Split,2016,"[14, 18, 53, 80]",en,1.262,34,5.8,0,0,150,,4.5
Unbreakable,9741,Unbreakable,2000,"[53, 18, 9648]",en,4.917,9375,7.141,75000000,248118121,106,17032.0,4.0
Glass,450465,Glass,2019,"[53, 18, 878]",en,6.427,8591,6.7,20000000,246999039,129,12236.0,3.5
The Sixth Sense,745,The Sixth Sense,1999,"[9648, 53, 18]",en,8.539,11910,7.952,40000000,672800000,107,158.0,4.0
The Last Airbender,10196,The Last Airbender,2010,"[28, 12, 14]",en,5.723,4007,4.637,150000000,319713881,103,4.0,0.5
Rocky,1366,Rocky,1976,[18],en,8.047,7992,7.786,1000000,225253184,120,8880.0,4.0
Rocky V,1375,Rocky V,1990,[18],en,4.149,3228,5.768,42000000,119946358,104,60.0,2.5
Rocky II,1367,Rocky II,1979,[18],en,5.299,4446,7.3,7000000,85187855,120,60.0,3.0
Rocky III,1371,Rocky III,1982,[18],en,4.972,4172,6.9,17000000,269952898,99,60.0,3.0
Rocky IV,1374,Rocky IV,1985,[18],en,7.838,4484,7.1,31000000,300473716,91,60.0,3.0
Rocky Balboa,1246,Rocky Balboa,2006,[18],en,5.303,3522,6.866,24000000,155929020,102,21.0,3.0
The Expendables,27578,The Expendables,2010,"[53, 12, 28]",en,7.145,7833,6.248,80000000,274470394,103,7636.0,2.5
Creed,312221,Creed,2015,"[28, 18]",en,7.465,7515,7.406,37000000,173600000,133,21.0,3.5
Bruce Almighty,310,Bruce Almighty,2003,"[14, 35]",en,8.618,10843,6.716,80000000,484592874,101,160.0,3.0
Lemony Snicket's A Series of Unfortunate Events,11774,Lemony Snicket's A Series of Unfortunate Events,2004,"[12, 35, 10751]",en,5.787,5032,6.815,140000000,209073645,108,4.0,2.5
Liar Liar,1624,Liar Liar,1997,[35],en,6.926,5757,6.692,45000000,302710615,86,33.0,3.0
A Christmas Carol,17979,A Christmas Carol,2009,"[16, 10751, 14]",en,5.838,4642,6.885,200000000,325286646,94,2.0,2.5
Kick-Ass 2,59859,Kick-Ass 2,2013,"[28, 12, 80]",en,4.934,6230,6.4,28000000,60795985,103,5374.0,3.5
The Cable Guy,9894,The Cable Guy,1996,"[35, 18, 53]",en,4.133,2462,5.984,47000000,102825796,96,5.0,2.0
Ace Ventura: When Nature Calls,9273,Ace Ventura: When Nature Calls,1995,"[80, 35, 12]",en,4.656,4206,6.318,30000000,212385533,90,10210.0,1.0
"Me, Myself & Irene",2123,"Me, Myself & Irene",2000,[35],en,5.749,3925,6.593,51000000,149270999,116,1156.0,2.5
Mr. Popper's Penguins,58224,Mr. Popper's Penguins,2011,"[35, 10751]",en,3.785,2991,6.0,55000000,187361754,94,1302.0,1.5
Knives Out,546554,Knives Out,2019,"[35, 80, 9648]",en,12.666,12678,7.844,40000000,312897920,131,1632.0,4.5
Midsommar,530385,Midsommar,2019,"[27, 18, 9648]",en,8.133,7291,7.2,9000000,48015416,147,39407.0,2.5
Avengers: Endgame,299534,Avengers: Endgame,2019,"[12, 878, 28]",en,18.181,26096,8.2,356000000,2799439100,181,420.0,1.5
The Amazing Spider-Man 2,102382,The Amazing Spider-Man 2,2014,"[28, 12, 878]",en,10.902,13413,6.513,200000000,708962323,141,5.0,1.5
Avengers: Infinity War,299536,Avengers: Infinity War,2018,"[12, 28, 878]",en,38.85,30271,8.2,300000000,2052415039,149,420.0,2.0
The Shining,694,The Shining,1980,"[27, 53]",en,10.708,17756,8.211,19000000,44781695,144,174.0,4.0
Spider-Man: Homecoming,315635,Spider-Man: Homecoming,2017,"[28, 12, 878, 18]",en,15.366,22032,7.332,175000000,880166924,133,420.0,3.5
Suicide Squad,297761,Suicide Squad,2016,"[28, 12, 14]",en,6.239,21287,5.918,175000000,749200054,122,174.0,0.5
I Am Legend,6479,I Am Legend,2007,"[18, 878, 53]",en,14.228,15920,7.208,150000000,585410052,101,174.0,1.5
The Pursuit of Happyness,1402,The Pursuit of Happyness,2006,[18],en,12.104,9985,7.893,55000000,307077295,117,1423.0,4.0
Bad Boys,9737,Bad Boys,1995,"[28, 35, 80, 53]",en,8.756,6480,6.817,19000000,141407024,119,5.0,3.0
Bad Boys II,8961,Bad Boys II,2003,"[28, 80, 35]",en,10.435,5555,6.646,130000000,273339556,146,5.0,3.0
The Avengers,24428,The Avengers,2012,"[878, 28, 12]",en,26.391,31327,7.731,220000000,1518815515,143,420.0,3.0
The Perks of Being a Wallflower,84892,The Perks of Being a Wallflower,2012,[18],en,5.228,10583,7.8,13000000,33384127,103,2130.0,3.0
Deadpool,293660,Deadpool,2016,"[28, 12, 35]",en,13.648,31394,7.622,58000000,782837347,108,25.0,3.5
Doctor Strange,284052,Doctor Strange,2016,"[28, 12, 14]",en,12.131,22372,7.418,180000000,676343174,115,420.0,2.5
Captain America: Civil War,271110,Captain America: Civil War,2016,"[12, 28, 878]",en,20.917,22954,7.444,250000000,1155046416,147,420.0,3.0
Nightcrawler,242582,Nightcrawler,2014,"[80, 18, 53]",en,7.724,10934,7.705,8500000,50300000,118,24049.0,4.0
Captain America: The Winter Soldier,100402,Captain America: The Winter Soldier,2014,"[28, 12, 878]",en,10.831,18970,7.656,170000000,714766572,136,420.0,3.0
Good Will Hunting,489,Good Will Hunting,1997,[18],en,13.297,12633,8.2,10000000,225900000,127,2253.0,4.5
A Clockwork Orange,185,A Clockwork Orange,1971,"[878, 80]",en,7.108,13039,8.2,2200000,27033812,137,174.0,3.5
Léon: The Professional,101,Léon: The Professional,1994,"[80, 18, 28]",fr,10.03,15044,8.3,16000000,45284974,111,9.0,4.0
(500) Days of Summer,19913,(500) Days of Summer,2009,"[35, 18, 10749]",en,8.403,10309,7.292,7500000,60781545,95,43.0,3.5
Captain Marvel,299537,Captain Marvel,2019,"[28, 12, 878]",en,9.173,15904,6.804,152000000,1131416446,124,420.0,2.5
Avengers: Age of Ultron,99861,Avengers: Age of Ultron,2015,"[28, 12, 878]",en,15.528,23257,7.272,365000000,1405403694,141,420.0,2.5
Star Wars: The Force Awakens,140607,Star Wars: The Force Awakens,2015,"[12, 28, 878]",en,13.318,19589,7.264,245000000,2068223624,136,1.0,3.0
Captain America: The First Avenger,1771,Captain America: The First Avenger,2011,"[28, 12, 878]",en,10.156,21670,7.0,140000000,370569774,124,420.0,2.5
Iron Man 3,68721,Iron Man 3,2013,"[28, 12, 878]",en,10.963,22390,6.929,200000000,1215577205,130,420.0,0.5
Coraline,14836,Coraline,2009,"[16, 10751, 14]",en,20.957,8269,7.9,60000000,185860104,100,11537.0,4.0
Iron Man 2,10138,Iron Man 2,2010,"[12, 28, 878]",en,15.562,21235,6.843,200000000,623933331,124,420.0,1.5
Thor,10195,Thor,2011,"[12, 14, 28]",en,12.794,21363,6.769,150000000,449326618,115,420.0,1.0
The Lion King,8587,The Lion King,1994,"[10751, 16, 18]",en,21.725,18590,8.255,45000000,763455561,89,2.0,5.0
Your Name.,372058,Your Name.,2016,"[16, 10749, 18]",ja,15.276,11634,8.486,0,358000000,106,3756.0,4.5
Juno,7326,Juno,2007,"[35, 18, 10749]",en,5.878,7240,7.052,7500000,232372681,96,771.0,3.5
Thor: The Dark World,76338,Thor: The Dark World,2013,"[28, 12, 14]",en,9.242,17457,6.518,170000000,644783140,112,420.0,0.5
Wonder Woman,297762,Wonder Woman,2017,"[28, 12, 14]",en,9.947,20102,7.2,149000000,823970682,141,507.0,2.5
Kingsman: The Secret Service,207703,Kingsman: The Secret Service,2014,"[80, 35, 28, 12]",en,9.541,16960,7.628,81000000,414351546,129,25.0,3.5
Zootopia,269149,Zootopia,2016,"[16, 12, 10751, 35]",en,13.769,16555,7.749,150000000,1023784195,109,6125.0,3.5
Big Hero 6,177572,Big Hero 6,2014,"[12, 10751, 16, 28, 35]",en,18.568,15789,7.729,165000000,657870525,102,2.0,4.0
Frozen,109445,Frozen,2013,"[16, 10751, 12, 14]",en,17.102,16734,7.2,150000000,1274219009,102,2.0,4.0
Silver Linings Playbook,82693,Silver Linings Playbook,2012,"[18, 35, 10749]",en,5.134,12087,7.145,21000000,236412453,122,308.0,4.0
The Nice Guys,290250,The Nice Guys,2016,"[35, 80, 28]",en,6.143,8019,7.122,50000000,71261763,116,1885.0,4.0
V for Vendetta,752,V for Vendetta,2005,"[28, 53, 878]",en,9.564,14663,7.898,54000000,132511035,132,449.0,3.5
Moneyball,60308,Moneyball,2011,[18],en,4.998,5251,7.28,50000000,110206216,134,5.0,3.5
Midnight in Paris,59436,Midnight in Paris,2011,"[14, 35, 10749]",en,7.215,7344,7.526,17000000,151119219,94,24785.0,4.0
The Imitation Game,205596,The Imitation Game,2014,"[36, 18, 53, 10752]",en,14.592,17204,7.996,14000000,233555708,113,38145.0,4.0
The Incredible Hulk,1724,The Incredible Hulk,2008,"[878, 28, 12]",en,14.321,11937,6.2,150000000,264770996,114,420.0,1.0
Klaus,508965,Klaus,2019,"[16, 10751, 12, 35, 14]",en,4.642,4205,8.243,0,0,96,29566.0,4.5
Ford v Ferrari,359724,Ford v Ferrari,2019,"[18, 28, 36]",en,9.926,8181,8.003,97600000,225508210,153,25.0,4.0
Into the Wild,5915,Into the Wild,2007,"[12, 18]",en,7.237,9611,7.796,15000000,56255142,148,1246.0,4.0
Saw,176,Saw,2004,"[27, 9648, 80]",en,7.354,9370,7.4,1200000,104004218,103,2061.0,2.5
Lilo & Stitch,11544,Lilo & Stitch,2002,"[16, 10751, 35]",en,11.849,6334,7.521,80000000,273144151,85,2.0,4.0
Frozen II,330457,Frozen II,2019,"[10751, 16, 12, 35, 14]",en,10.412,9838,7.25,150000000,1453683476,103,2.0,4.0
A Silent Voice: The Movie,378064,A Silent Voice: The Movie,2016,"[16, 18, 10749]",ja,9.419,4044,8.383,0,30819442,129,5438.0,4.5
The Intouchables,77338,The Intouchables,2011,"[18, 35]",fr,10.914,17469,8.273,13000000,426590315,113,9.0,4.0
Gangs of New York,3131,Gangs of New York,2002,"[18, 36, 80]",en,4.777,6711,7.32,100000000,193800000,168,14.0,4.0
"O Brother, Where Art Thou?",134,"O Brother, Where Art Thou?",2000,"[12, 35, 80]",en,5.201,4213,7.3,26000000,71900000,107,9195.0,3.5
The Machinist,4553,The Machinist,2004,"[53, 18]",en,4.819,5656,7.524,5000000,8203235,101,7956.0,4.0
Kick-Ass,23483,Kick-Ass,2010,"[28, 80]",en,6.293,11742,7.1,28000000,96188903,117,5374.0,3.5
Enola Holmes,497582,Enola Holmes,2020,"[12, 9648, 80]",en,6.782,6110,7.26,21000000,0,123,121424.0,3.0
The Boy in the Striped Pyjamas,14574,The Boy in the Striped Pyjamas,2008,"[18, 10752, 36]",en,11.204,7267,7.829,12500000,20416563,94,288.0,3.0
The Butterfly Effect,1954,The Butterfly Effect,2004,"[878, 53]",en,5.879,7641,7.578,13000000,96800000,113,816.0,1.0
Mission: Impossible,954,Mission: Impossible,1996,"[12, 28, 53]",en,7.977,9048,6.989,80000000,457696391,110,4.0,2.0
Ocean's Twelve,163,Ocean's Twelve,2004,"[53, 80]",en,5.393,7347,6.564,110000000,362744280,125,174.0,2.5
District 9,17654,District 9,2009,[878],en,7.571,9636,7.449,30000000,210888950,112,559.0,2.5
Billy Elliot,71,Billy Elliot,2000,"[18, 35, 10402]",en,4.604,3872,7.595,5000000,109280263,110,694.0,4.0
The Blind Side,22881,The Blind Side,2009,[18],en,6.637,6436,7.671,29000000,309200000,129,1088.0,3.5
Lion,334543,Lion,2016,[18],en,4.542,6630,8.057,12000000,140312928,118,308.0,4.0
Taken,8681,Taken,2008,"[28, 53]",en,10.198,11375,7.395,25000000,226830568,94,6896.0,3.5
A Dog's Will,40096,A Dog's Will,2000,"[35, 18, 14]",pt,3.594,1140,8.4,0,4903192,104,11446.0,4.0
Spirited Away,129,Spirited Away,2001,"[16, 10751, 14]",ja,14.87,16891,8.5,19000000,274925095,125,10342.0,4.5
Gonjiam: Haunted Asylum,508642,Gonjiam: Haunted Asylum,2018,"[27, 9648]",ko,6.712,739,7.3,0,21041950,95,108532.0,1.5
Searching,489999,Searching,2018,"[18, 9648, 53]",en,4.909,3910,7.572,1000000,75462037,102,11341.0,2.5
To All the Boys I've Loved Before,466282,To All the Boys I've Loved Before,2018,"[35, 10749]",en,8.909,8462,7.61,0,0,100,63484.0,3.0
Goodnight Mommy,284303,Goodnight Mommy,2014,"[27, 9648, 53]",de,4.133,1581,6.687,0,2193474,100,10559.0,2.5
The Platform,619264,The Platform,2019,"[18, 878, 53]",es,7.613,7274,6.967,1203235,1090116,95,52270.0,0.5
Batman v Superman: Dawn of Justice,209112,Batman v Superman: Dawn of Justice,2016,"[28, 12, 14]",en,11.78,18141,5.975,250000000,874362803,152,174.0,1.0
As Good as It Gets,2898,As Good as It Gets,1997,"[18, 35, 10749]",en,5.378,3826,7.391,50000000,314178011,139,559.0,4.5
"Lock, Stock and Two Smoking Barrels",100,"Lock, Stock and Two Smoking Barrels",1998,"[35, 80]",en,1.946,6692,8.115,1350000,28356188,105,21920.0,3.5
Apt Pupil,9445,Apt Pupil,1998,"[18, 53]",en,4.076,650,6.535,14000000,8863193,107,9168.0,2.5
He Got Game,9469,He Got Game,1998,[18],en,3.832,726,6.749,25000000,21567853,136,4319.0,4.0
Nine Queens,18079,Nine Queens,2000,"[80, 53, 18]",es,3.672,724,7.8,1300000,12413888,114,2562.0,4.0
Waking Life,9081,Waking Life,2001,"[16, 18]",en,3.689,879,7.468,0,3176880,101,26468.0,3.5
Secret Window,1586,Secret Window,2004,"[9648, 53]",en,3.987,3663,6.567,40000000,92900000,96,1271.0,3.0
Million Dollar Baby,70,Million Dollar Baby,2004,[18],en,5.926,9727,8.0,30000000,216763646,132,126.0,4.0
Coach Carter,7214,Coach Carter,2005,"[18, 36]",en,8.438,3013,7.6,30000000,76669554,136,4.0,3.0
Hachi: A Dog's Tale,28178,Hachi: A Dog's Tale,2009,"[18, 10751]",en,7.861,6779,8.009,16000000,46800000,93,7419.0,4.0
Predestination,206487,Predestination,2014,"[878, 53]",en,6.355,6551,7.4,5500000,4942449,98,10950.0,3.0
Sing Street,369557,Sing Street,2016,"[10749, 18, 10402]",en,3.833,2308,7.9,4000000,13624522,105,1785.0,4.0
The Man Who Knew Infinity,353326,The Man Who Knew Infinity,2015,"[18, 36]",en,4.561,1440,7.17,0,11472454,108,4135.0,2.5
Straight Outta Compton,277216,Straight Outta Compton,2015,"[18, 10402, 36]",en,6.638,3932,7.8,28000000,201634991,147,63924.0,4.0
The Italian Job,9654,The Italian Job,2003,"[28, 80]",en,5.956,5593,6.774,60000000,176070171,110,2609.0,3.5
I Killed My Mother,26280,I Killed My Mother,2009,[18],fr,3.866,1109,7.5,0,0,96,71833.0,3.5
The Babadook,242224,The Babadook,2014,"[18, 27]",en,6.092,6047,6.5,2000000,10300000,94,7584.0,4.0
Gerald's Game,343674,Gerald's Game,2017,"[27, 53]",en,4.294,3684,6.392,0,0,104,1224.0,3.0
As the Gods Will,241863,As the Gods Will,2014,"[53, 27, 35]",ja,4.008,517,7.133,0,0,117,49301.0,1.0
Death Note,351460,Death Note,2017,"[80, 14, 27]",en,3.827,3972,4.256,40000000,0,101,829.0,0.5
Up,14160,Up,2009,"[16, 35, 10751, 12]",en,12.287,20481,7.958,175000000,735099082,96,3.0,4.5
Toy Story,862,Toy Story,1995,"[16, 12, 10751, 35]",en,19.636,18667,8.0,30000000,394436586,81,3.0,4.5
Toy Story 2,863,Toy Story 2,1999,"[16, 35, 10751]",en,18.61,14034,7.6,90000000,497375381,92,3.0,4.0
The Incredibles,9806,The Incredibles,2004,"[28, 12, 16, 10751]",en,12.667,17866,7.708,92000000,631442092,115,2.0,4.5
CODA,776503,CODA,2021,"[18, 10402, 10749]",en,5.831,2302,7.93,10000000,1905058,112,7460.0,4.5
"tick, tick... BOOM!",537116,"tick, tick... BOOM!",2021,"[18, 10402]",en,4.413,2102,7.63,0,0,115,23.0,4.5
The Green Knight,559907,The Green Knight,2021,"[12, 18, 14]",en,3.986,1949,6.6,15000000,18887953,130,41077.0,3.0
The Humans,588367,The Humans,2021,[18],en,3.565,184,6.125,0,0,107,41077.0,4.0
Dear Evan Hansen,567690,Dear Evan Hansen,2021,[18],en,3.676,332,6.3,27500000,19133454,137,33.0,1.0
King Richard,614917,King Richard,2021,"[18, 36]",en,4.832,2554,7.641,50000000,39400000,144,27497.0,3.5
Belfast,777270,Belfast,2021,"[18, 36]",en,3.935,1518,7.1,11000000,49158343,98,38227.0,3.5
The Last Duel,617653,The Last Duel,2021,"[36, 18, 28]",en,5.52,3458,7.429,100000000,30552111,153,127928.0,4.5
The Harder They Fall,618162,The Harder They Fall,2021,[37],en,4.397,1075,6.644,0,0,139,907.0,3.0
Scarface,877,Scarface,1983,"[80, 18]",en,4.205,609,7.447,800000,600000,93,13866.0,3.0
Wolfwalkers,441130,Wolfwalkers,2020,"[16, 10751, 12, 14]",en,4.203,1223,8.216,12000000,1310720,103,23948.0,4.5
Spider-Man: Far From Home,429617,Spider-Man: Far From Home,2019,"[28, 12, 878]",en,12.754,15932,7.413,160000000,1131927996,129,420.0,2.5
Space Jam: A New Legacy,379686,Space Jam: A New Legacy,2021,"[10751, 16, 35, 878, 12]",en,7.635,4049,6.7,150000000,163692228,115,25120.0,0.5
Kingsman: The Golden Circle,343668,Kingsman: The Golden Circle,2017,"[28, 12, 35]",en,7.062,10521,6.962,104000000,410902662,141,25.0,1.5
Escape Room,522681,Escape Room,2019,"[27, 53, 9648]",en,6.429,4727,6.539,9000000,155712077,100,5.0,1.0
Ron's Gone Wrong,482321,Ron's Gone Wrong,2021,"[16, 878, 10751, 35]",en,4.261,1883,7.896,0,60692022,107,121605.0,3.5
West Side Story,1725,West Side Story,2021,"[80, 18, 10749]",en,3.724,1902,7.2,6000000,43700000,153,516.0,4.0
Luca,508943,Luca,2021,"[16, 35, 14, 12, 10751]",en,10.22,8460,7.807,200000000,51074773,95,3.0,4.5
Reservoir Dogs,500,Reservoir Dogs,1992,"[80, 53]",en,7.597,14488,8.12,1200000,2859750,99,285.0,5.0
Sing,335797,Sing,2016,"[16, 35, 10751, 10402]",en,8.771,8023,7.112,75000000,634151679,108,6704.0,2.0
Sing 2,438695,Sing 2,2021,"[16, 10751, 10402, 35]",en,10.745,4466,7.853,85000000,408402685,110,33.0,3.0
E.T. the Extra-Terrestrial,601,E.T. the Extra-Terrestrial,1982,"[878, 12, 10751, 14]",en,7.445,11320,7.5,10500000,792965500,115,33.0,3.0
A Hero,672208,A Hero,2021,[18],fa,3.829,334,7.34,0,0,127,5162.0,4.0
Metamorphosis,553326,Metamorphosis,1975,[35],fr,0.001,0,0.0,0,0,11,,0.5
Red Rocket,763329,Red Rocket,2021,"[18, 35]",en,4.552,517,6.8,1100000,2200000,130,7493.0,4.0
Flee,680813,Flee,2021,"[99, 16]",da,3.585,361,7.8,3400000,712229,89,29062.0,4.0
West Side Story,511809,West Side Story,2021,"[18, 10749, 80]",en,4.112,1591,6.981,100000000,76016171,156,127928.0,4.0
Turning Red,508947,Turning Red,2022,"[16, 10751, 35, 14]",en,10.248,5344,7.35,175000000,21328962,100,2.0,3.0
Scream,646385,Scream,2022,"[27, 9648]",en,10.127,3399,6.7,24000000,137743924,114,4.0,3.0
Spider-Man: No Way Home,634649,Spider-Man: No Way Home,2021,"[28, 12, 878]",en,24.389,20571,7.949,200000000,1921847111,148,420.0,3.0
House of Gucci,644495,House of Gucci,2021,"[36, 18, 80]",en,4.967,3167,6.592,75000000,153235995,158,21.0,2.0
50/50,40807,50/50,2011,"[35, 18]",en,4.4,3817,7.2,8000000,39187783,100,771.0,3.5
Raging Bull,1578,Raging Bull,1980,[18],en,4.33,4379,7.9,18000000,23380203,129,60.0,4.0
The Hitchhiker's Guide to the Galaxy,7453,The Hitchhiker's Guide to the Galaxy,2005,"[12, 35, 878]",en,4.427,3912,6.7,50000000,104500000,109,158.0,2.5
Wanted,8909,Wanted,2008,"[28, 53, 80]",en,6.332,7150,6.524,75000000,342463063,110,2526.0,3.0
Dr. Strangelove or: How I Learned to Stop Worrying and Love the Bomb,935,Dr. Strangelove or: How I Learned to Stop Worrying and Love the Bomb,1964,"[35, 10752]",en,5.701,5709,8.1,1800000,9500000,95,88.0,4.0
Nightmare Alley,597208,Nightmare Alley,2021,"[80, 18, 53]",en,4.84,2985,6.982,60000000,39629195,150,127929.0,3.0
The Great Dictator,914,The Great Dictator,1940,"[35, 10752]",en,4.468,3421,8.301,2000000,11000000,125,1315.0,3.0
Mr. Thank You,100033,Mr. Thank You,1936,"[18, 35]",ja,1.407,37,7.0,0,0,76,192.0,3.5
3-Iron,1280,3-Iron,2004,"[18, 10749, 80]",ko,3.93,1159,7.8,0,3403957,88,684.0,2.5
Infernal Affairs,10775,Infernal Affairs,2002,"[18, 28, 53, 80, 9648]",cn,4.636,1675,7.816,6400000,8836958,100,5552.0,4.0
Parallel Mothers,766798,Parallel Mothers,2021,[18],es,4.168,947,6.829,0,23099858,123,49.0,3.0
The Departed,1422,The Departed,2006,"[18, 53, 80]",en,8.857,15145,8.159,90000000,291465000,151,174.0,3.5
Taxi Driver,103,Taxi Driver,1976,"[80, 18]",en,8.692,12476,8.1,1900000,28579636,114,46059.0,3.0
The Bad Guys,629542,The Bad Guys,2022,"[10751, 16, 12, 35, 80]",en,7.244,2123,7.544,80000000,250162278,100,521.0,3.5
Fargo,275,Fargo,1996,"[80, 18, 53]",en,6.985,8239,7.858,7000000,60611975,98,1382.0,4.0
Marley & Me,14306,Marley & Me,2008,"[35, 10751]",en,5.39,4600,7.193,60000000,255700000,115,5219.0,3.0
Flags of Our Fathers,3683,Flags of Our Fathers,2006,"[10752, 18, 36]",en,3.828,1868,6.9,90000000,65900249,135,7.0,3.5
Petite Maman,749004,Petite Maman,2021,"[18, 14, 10751]",fr,3.907,396,7.12,3100000,1024575,72,104.0,4.5
Letters from Iwo Jima,1251,Letters from Iwo Jima,2006,"[28, 18, 10752]",en,4.35,2089,7.473,19000000,68673228,141,174.0,4.5
The Big Lebowski,115,The Big Lebowski,1998,"[35, 80]",en,7.019,11359,7.8,15000000,47010480,117,1382.0,4.0
The Seventh Seal,490,The Seventh Seal,1957,"[14, 18]",sv,4.489,3048,8.185,150000,311212,96,6181.0,4.5
One Night in Miami...,661914,One Night in Miami...,2020,[18],en,3.605,645,7.009,0,0,114,15159.0,4.5
A Fistful of Dollars,391,A Fistful of Dollars,1964,[37],it,6.525,4324,7.8,200000,14500000,99,10481.0,4.0
For a Few Dollars More,938,For a Few Dollars More,1965,[37],it,8.403,4060,8.016,600000,15000000,132,7508.0,3.5
One Flew Over the Cuckoo's Nest,510,One Flew Over the Cuckoo's Nest,1975,[18],en,8.256,10636,8.414,3000000,108981275,133,286.0,4.5
"The Good, the Bad and the Ugly",429,"The Good, the Bad and the Ugly",1966,[37],it,11.713,8846,8.462,1200000,38900000,161,60.0,3.5
The Lure,375742,The Lure,2015,"[27, 10402, 10749, 18, 14, 53]",pl,3.622,257,6.3,1300000,102986,93,37659.0,1.0
The Last Picture Show,25188,The Last Picture Show,1971,"[18, 10749]",en,3.895,700,7.7,1300000,29133000,119,15266.0,1.0
10 Cloverfield Lane,333371,10 Cloverfield Lane,2016,"[53, 878, 18, 27]",en,6.277,8039,6.992,15000000,110216998,104,11461.0,3.5
The Northman,639933,The Northman,2022,"[28, 12, 14]",en,6.682,4456,7.048,70000000,69633110,137,10146.0,4.0
How to Train Your Dragon,10191,How to Train Your Dragon,2010,"[14, 12, 16, 10751]",en,13.314,13273,7.835,165000000,494879471,98,521.0,4.0
How to Train Your Dragon 2,82702,How to Train Your Dragon 2,2014,"[14, 28, 12, 16, 35, 10751]",en,11.924,9734,7.7,145000000,621537519,102,521.0,3.5
How to Train Your Dragon: The Hidden World,166428,How to Train Your Dragon: The Hidden World,2019,"[16, 10751, 12]",en,10.51,6526,7.748,129000000,524580592,104,521.0,3.0
War of the Worlds,74,War of the Worlds,2005,"[12, 53, 878]",en,8.607,8496,6.514,132000000,603873119,117,4.0,3.0
The Unbearable Weight of Massive Talent,648579,The Unbearable Weight of Massive Talent,2022,"[28, 35, 80]",en,4.072,2095,6.792,30000000,29116320,107,831.0,3.5
Au Revoir les Enfants,1786,Au Revoir les Enfants,1987,"[18, 10752]",fr,3.942,664,7.505,0,4542825,105,310.0,3.5
Homunculus,741434,Homunculus,2021,"[18, 53]",ja,3.625,112,6.0,0,0,119,17828.0,0.5
The Salesman,375315,The Salesman,2016,"[18, 53]",fa,3.948,872,7.245,0,6953604,125,5162.0,2.0
Amores Perros,55,Amores Perros,2000,"[18, 53]",es,3.897,2651,7.627,2000000,20908467,154,5084.0,3.5
Belladonna of Sadness,64847,Belladonna of Sadness,1973,"[16, 18, 14]",ja,3.851,319,7.34,0,0,86,1598.0,2.5
Mulholland Drive,1018,Mulholland Drive,2001,"[53, 18, 9648]",en,9.172,6405,7.806,15000000,20289986,147,694.0,1.5
Crimes of the Future,819876,Crimes of the Future,2022,"[878, 27]",en,4.299,1115,6.052,27000000,4551565,107,805.0,2.5
Catch Me If You Can,640,Catch Me If You Can,2002,"[18, 80]",en,12.11,15908,8.0,52000000,352114312,141,11084.0,4.0
The Virgin Suicides,1443,The Virgin Suicides,1999,[18],en,5.46,3323,7.1,6000000,10409377,97,70.0,3.5
Prisoners,146233,Prisoners,2013,"[18, 53, 80]",en,12.614,12020,8.1,46000000,122126687,153,1088.0,3.0
RRR,579974,RRR,2022,"[28, 12, 18]",te,7.523,1366,7.7,69000000,160000000,185,68594.0,4.5
Eternal Sunshine of the Spotless Mind,38,Eternal Sunshine of the Spotless Mind,2004,"[878, 18, 10749]",en,16.874,15254,8.093,20000000,72258126,108,10146.0,4.5
Day Shift,755566,Day Shift,2022,"[28, 14, 27, 35, 53]",en,4.677,2001,6.8,0,0,113,23008.0,3.0
Prey,766507,Prey,2022,"[53, 28, 878]",en,9.534,6891,7.696,65000000,0,100,127928.0,3.5
Hiroshima Mon Amour,5544,Hiroshima Mon Amour,1959,"[18, 36, 10749]",fr,3.574,826,7.7,0,3193,92,6116.0,4.0
1987: When the Day Comes,437103,1987: When the Day Comes,2017,"[18, 36, 53]",ko,3.577,154,8.1,12308000,49380115,129,7036.0,3.5
Happy Together,18329,Happy Together,1997,"[18, 10749]",cn,4.795,702,7.5,125000,5000000,96,540.0,4.0
The Thing,1091,The Thing,1982,"[27, 9648, 878]",en,8.036,7167,8.1,15000000,19629760,109,33.0,4.0
Argentina 1985,714888,Argentina 1985,2022,"[18, 36, 80]",es,3.867,648,7.86,20000000,58424000,141,16948.0,4.5
Lola,2264,Lola,1981,"[18, 10749]",de,3.566,118,7.0,0,0,113,29165.0,3.0
Stray Dog,30368,Stray Dog,1949,"[80, 18, 53, 9648]",ja,3.857,312,7.5,0,47005,122,5043.0,3.5
Pickpocket,690,Pickpocket,1959,"[80, 18]",fr,3.578,520,7.276,0,0,75,12243.0,3.0
Repulsion,11481,Repulsion,1965,"[18, 53, 27]",en,3.861,1012,7.405,300000,0,105,1361.0,2.5
Don't Worry Darling,619730,Don't Worry Darling,2022,"[9648, 53]",en,4.875,2585,6.8,35000000,86700000,123,829.0,1.0
"Jeanne Dielman, 23, quai du Commerce, 1080 Bruxelles",44012,"Jeanne Dielman, 23, quai du Commerce, 1080 Bruxelles",1975,[18],fr,3.893,319,7.4,120000,0,202,10645.0,3.5
Mishima: A Life in Four Chapters,27064,Mishima: A Life in Four Chapters,1985,[18],en,4.555,289,7.8,5000000,502758,121,1.0,4.5
"4 Months, 3 Weeks and 2 Days",2009,"4 Months, 3 Weeks and 2 Days",2007,[18],ro,3.587,740,7.5,852510,1185783,114,859.0,4.0
An Angel at My Table,2891,An Angel at My Table,1990,[18],en,3.616,164,7.0,0,0,158,1253.0,1.0
A Brighter Summer Day,15804,A Brighter Summer Day,1991,"[80, 18, 10749]",zh,3.984,333,8.3,0,0,237,70884.0,4.5
Secret Sunshine,2015,Secret Sunshine,2007,[18],ko,3.598,211,7.2,2900000,11581469,143,868.0,2.0
Still Walking,25050,Still Walking,2008,"[18, 10751]",ja,3.873,383,7.8,0,3511120,114,9177.0,4.0
Shoplifters,505192,Shoplifters,2018,"[18, 80, 53]",ja,4.655,2090,7.9,0,0,120,3341.0,4.5
Broker,736732,Broker,2022,"[18, 35, 80]",ko,3.783,472,7.164,0,18632208,129,85150.0,2.0
Nobody Knows,2517,Nobody Knows,2004,[18],ja,4.172,541,7.973,0,0,141,1141.0,4.0
The Terminal,594,The Terminal,2004,"[35, 18]",en,5.215,8024,7.346,60000000,219417255,128,7.0,3.5
Titane,630240,Titane,2021,"[18, 53, 27]",fr,4.339,1489,6.4,6600000,4982335,108,49934.0,4.0
C'mon C'mon,632617,C'mon C'mon,2021,[18],en,4.307,690,7.213,8300000,4300000,109,41077.0,4.0
American History X,73,American History X,1998,[18],en,5.93,11748,8.3,20000000,23900000,119,12.0,3.5
Sympathy for Mr. Vengeance,4689,Sympathy for Mr. Vengeance,2002,"[28, 18, 53]",ko,3.595,1478,7.5,4000000,1954937,129,7036.0,4.5
Lady Vengeance,4550,Lady Vengeance,2005,"[18, 53]",ko,4.178,1705,7.5,0,23803308,115,1689.0,4.5
Three Thousand Years of Longing,556694,Three Thousand Years of Longing,2022,"[18, 14, 10749]",en,4.229,1399,6.9,60000000,20300000,108,7493.0,3.5
Burning,813106,Burning,2018,[],hi,0.196,3,6.3,0,0,18,151969.0,2.0
American Beauty,14,American Beauty,1999,[18],en,6.622,12222,8.008,15000000,356296601,122,7.0,1.5
Respect,592863,Respect,2021,"[18, 10402, 36]",en,3.624,428,6.8,55000000,31217372,145,21.0,1.0
The Amazing Spider-Man,1930,The Amazing Spider-Man,2012,"[28, 12, 878]",en,10.768,17565,6.709,215000000,757930663,136,7505.0,1.5
Fear Street: 1978,591274,Fear Street: 1978,2021,"[27, 9648]",en,4.283,1965,7.2,0,0,111,7076.0,1.5
Fear Street: 1994,591273,Fear Street: 1994,2021,"[27, 9648]",en,4.219,2345,6.7,0,0,108,7076.0,1.5
The Tender Bar,727293,The Tender Bar,2021,[18],en,3.566,552,6.6,0,0,104,20580.0,0.5
Joint Security Area,2440,Joint Security Area,2000,"[10752, 18, 53, 9648]",ko,4.195,729,7.8,12500000,0,108,7036.0,4.0
After Life,17962,After Life,1998,"[14, 18]",ja,3.553,239,7.2,0,0,118,1141.0,3.5
Thirst,22536,Thirst,2009,"[18, 27, 53]",ko,3.664,959,7.1,5000000,13085023,134,34725.0,4.0
All Quiet on the Western Front,49046,All Quiet on the Western Front,2022,"[10752, 36, 18]",de,8.04,4065,7.7,20000000,0,147,36616.0,3.5
Puss in Boots: The Last Wish,315162,Puss in Boots: The Last Wish,2022,"[16, 12, 14, 35, 10751]",en,20.181,8043,8.218,90000000,484700000,103,521.0,4.5
Aftersun,965150,Aftersun,2022,[18],en,6.651,1502,7.66,0,7834405,101,103697.0,4.5
Poetry,47909,Poetry,2010,[18],ko,3.572,307,7.6,0,349899,139,6596.0,2.5
"I'm a Cyborg, But That's OK",5488,"I'm a Cyborg, But That's OK",2006,"[18, 35, 10749]",ko,3.564,531,7.01,0,4354510,105,34725.0,4.5
Stoker,86825,Stoker,2013,"[18, 27, 53]",en,3.958,2255,6.6,12000000,12077441,99,43.0,4.0
Mulan,10674,Mulan,1998,"[16, 10751, 12]",en,13.995,9838,7.904,90000000,304320254,88,2.0,3.5
The Quiet Girl,916405,The Quiet Girl,2022,[18],ga,3.834,434,7.5,1,6,94,175380.0,3.5
Okja,387426,Okja,2017,"[12, 18, 878]",en,4.735,4297,7.355,50000000,0,122,81024.0,3.5
The Host,1255,The Host,2006,"[27, 18, 878]",ko,5.617,2831,7.0,11000000,88489643,120,79498.0,3.0
Mother,698885,Mother,2009,[99],en,0.231,2,8.0,0,0,20,,2.5
We're All Going to the World's Fair,776501,We're All Going to the World's Fair,2021,"[18, 27]",en,3.823,117,5.3,0,96206,86,145663.0,3.0
20th Century Girl,851644,20th Century Girl,2022,"[10749, 18]",ko,13.531,720,8.2,119,0,119,49096.0,2.0
Happening,793998,Happening,2021,[18],fr,4.451,435,7.239,0,171765,100,591.0,4.5
Nanny,843932,Nanny,2022,"[18, 27]",en,3.582,194,5.2,0,0,98,156239.0,4.5
The Help,50014,The Help,2011,[18],en,11.005,8440,8.207,25000000,216600000,146,436.0,3.0
Entergalactic,1027014,Entergalactic,2022,"[16, 10749, 10402]",en,3.763,383,7.7,0,0,93,114690.0,4.0
Inu-Oh,642538,Inu-Oh,2021,"[16, 18, 10402, 14, 36]",ja,4.069,126,7.333,0,897000,99,99494.0,4.0
Frances Ha,121986,Frances Ha,2012,"[35, 18]",en,3.59,1653,7.4,0,4069826,86,258.0,4.0
Space Is the Place,16203,Space Is the Place,1974,"[878, 10402]",en,1.419,40,5.8,0,0,82,54446.0,4.0
Roma,426426,Roma,2018,[18],es,3.995,3928,7.644,15000000,1140769,135,6735.0,1.0
Mars One,913816,Mars One,2022,[18],pt,2.926,82,7.4,0,0,115,37098.0,4.5
Mister Johnson,123772,Mister Johnson,1990,[18],en,1.047,29,6.3,0,0,101,,0.5
The Girls,135337,The Girls,1968,"[35, 18]",sv,0.806,22,6.1,0,0,100,1728.0,4.0
Before Sunrise,76,Before Sunrise,1995,"[18, 10749]",en,4.3,4229,7.968,2500000,5987386,101,97.0,2.0
The Daytrippers,49806,The Daytrippers,1996,"[35, 18]",en,3.104,87,6.5,600000,2099677,87,41248.0,2.5
Dragon Inn,104237,Dragon Inn,1967,"[28, 12]",zh,3.551,123,7.3,0,0,111,14102.0,4.0
House,25623,House,1977,"[35, 14, 27]",ja,3.732,674,7.3,0,0,88,70472.0,4.5
Parasite,496243,Parasite,2019,"[35, 53, 18]",ko,22.633,18768,8.5,11363000,257591776,133,4399.0,3.5
Free Guy,550988,Free Guy,2021,"[35, 12, 878]",en,7.055,8974,7.5,110000000,331526598,115,27711.0,0.5
Boyz n the Hood,650,Boyz n the Hood,1991,"[80, 18]",en,5.824,2027,7.623,6500000,57504069,112,5.0,4.0
A Tale of Two Sisters,4552,A Tale of Two Sisters,2003,"[18, 27, 9648]",ko,5.129,1200,7.1,15100000,1100000,115,3616.0,3.0
Time,653729,Time,2020,[99],en,3.56,109,6.803,0,0,81,125345.0,3.0
Saint Omer,925943,Saint Omer,2022,"[18, 80]",fr,3.566,176,6.2,0,823074,123,101932.0,4.5
I Saw the Devil,49797,I Saw the Devil,2010,"[53, 27]",ko,4.62,2671,7.794,6000000,12966357,144,10922.0,2.0
The Kid,10098,The Kid,1921,"[35, 18]",en,4.125,2144,8.162,250000,2500000,68,1315.0,3.5
Watermelon Man,42600,Watermelon Man,1970,[35],en,1.85,52,6.4,0,1100000,100,94728.0,4.0
City Lights,901,City Lights,1931,"[35, 18, 10749]",en,3.963,2217,8.274,1500000,4250000,87,1315.0,4.0
Ratatouille,2062,Ratatouille,2007,"[16, 35, 10751, 14]",en,18.965,17330,7.825,150000000,623726000,111,3.0,4.5
Spider-Man: Into the Spider-Verse,324857,Spider-Man: Into the Spider-Verse,2018,"[16, 28, 12, 878]",en,16.5,15954,8.396,90000000,384298736,117,5.0,4.5
Bacurau,446159,Bacurau,2019,"[9648, 37, 53]",pt,3.626,1061,7.678,1430000,3554178,131,53727.0,3.5
Jojo Rabbit,515001,Jojo Rabbit,2019,"[35, 10752, 18]",en,6.601,9703,8.0,14000000,82468705,108,43.0,3.5
My Dinner with Andre,25468,My Dinner with Andre,1981,[18],en,3.556,404,7.488,475000,5250000,110,55642.0,4.5
The Innocents,660942,The Innocents,2021,"[27, 18, 14]",no,3.603,618,6.914,3400000,322000,117,21979.0,0.5
The Housemaid,42506,The Housemaid,2010,"[80, 18]",ko,3.559,174,7.1,0,0,112,80020.0,3.0
Forrest Gump,13,Forrest Gump,1994,"[35, 18, 10749]",en,16.611,27933,8.468,55000000,677387716,142,4.0,3.5
Back to the Future,105,Back to the Future,1985,"[12, 35, 878]",en,15.656,20308,8.3,19000000,381109762,116,33.0,3.0
Back to the Future Part II,165,Back to the Future Part II,1989,"[12, 35, 878]",en,5.701,12976,7.767,40000000,332000000,108,33.0,3.0
Back to the Future Part III,196,Back to the Future Part III,1990,"[12, 35, 878]",en,5.117,10693,7.5,40000000,244527583,119,33.0,2.5
The Polar Express,5255,The Polar Express,2004,"[16, 12, 10751, 14]",en,5.713,6442,6.721,165000000,318432432,100,1867.0,2.5
Decision to Leave,705996,Decision to Leave,2022,"[53, 9648, 10749]",ko,6.727,1255,7.3,0,16914773,138,34725.0,5.0
Gone Girl,210577,Gone Girl,2014,"[9648, 53, 18]",en,13.852,18860,7.9,61000000,370890259,149,25.0,4.0
Licorice Pizza,718032,Licorice Pizza,2021,"[18, 35, 10749]",en,4.457,2307,7.0,40000000,33276075,133,21.0,3.0
The Cabinet of Dr. Caligari,234,The Cabinet of Dr. Caligari,1920,"[18, 27, 53, 80]",de,3.936,1623,7.915,18000,8811,67,55.0,2.5
Grindhouse,285923,Grindhouse,2007,"[53, 28, 27]",en,3.809,1725,7.0,67000000,25422088,191,6869.0,2.5
Planet Terror,1992,Planet Terror,2007,"[27, 28, 53]",en,4.194,3540,6.675,0,0,105,7405.0,2.0
Death Proof,1991,Death Proof,2007,"[28, 53]",en,4.464,5229,6.8,25000000,31126421,113,7405.0,2.5
Hamilton,556574,Hamilton,2020,"[36, 18]",en,5.183,1455,8.166,0,0,160,89394.0,1.0
Mad God,846867,Mad God,2021,"[16, 14, 27, 878, 10752]",en,3.602,430,6.852,250000,322619,84,18616.0,3.0
All the Bright Places,342470,All the Bright Places,2020,"[10749, 18]",en,4.61,2895,7.6,0,0,108,2147.0,1.5
To All the Boys: P.S. I Still Love You,565426,To All the Boys: P.S. I Still Love You,2020,"[10749, 35]",en,5.185,2584,6.8,0,0,102,63484.0,2.0
Baywatch,339846,Baywatch,2017,"[35, 28, 80]",en,8.953,8129,6.091,69000000,177900000,116,90835.0,1.0
Comrade Kim Goes Flying,127885,Comrade Kim Goes Flying,2012,"[35, 12, 10749]",ko,0.414,9,6.2,1200000,0,77,92731.0,3.0
Jack and Jill,71880,Jack and Jill,2011,"[35, 10751]",en,4.257,2116,4.371,79000000,149700000,91,8000.0,1.0
The Hunger Games,70160,The Hunger Games,2012,"[878, 12, 14]",en,5.777,22199,7.2,75000000,694394724,142,1632.0,0.5
Tooth Fairy,23023,Tooth Fairy,2010,"[35, 10751, 14]",en,3.951,1995,5.5,48000000,112462508,101,444.0,1.5
Project X,57214,Project X,2012,[35],en,11.338,6435,6.881,12000000,102731865,88,1885.0,0.5
Scary Movie 4,4257,Scary Movie 4,2006,[35],en,6.079,3302,5.481,45000000,178262620,83,7405.0,2.0
Scary Movie,4247,Scary Movie,2000,[35],en,8.916,7098,6.363,19000000,278019771,88,10958.0,1.0
The Smiling Madame Beudet,49452,The Smiling Madame Beudet,1923,[18],fr,2.871,81,5.9,0,0,43,8996.0,3.0
Black Girl,95597,Black Girl,1966,[18],fr,3.551,149,7.309,0,0,65,68399.0,3.0
Ethnic Notions,147322,Ethnic Notions,1986,[99],en,0.536,14,7.1,0,0,57,92711.0,3.0
Black Panthers,144597,Black Panthers,1968,[99],fr,2.936,83,7.2,0,0,28,14683.0,2.0
Natural Born Killers,241,Natural Born Killers,1994,"[80, 53, 18]",en,4.348,3457,7.06,34000000,50283563,118,68551.0,1.5
Beau Travail,14626,Beau Travail,1999,[18],fr,3.877,310,7.0,0,0,93,75482.0,2.5
Herbie Fully Loaded,11451,Herbie Fully Loaded,2005,"[35, 10751, 12, 14, 10749]",en,6.227,2312,5.796,50000000,144100000,100,2.0,1.0
Madagascar,953,Madagascar,2005,"[10751, 16, 12, 35]",en,15.235,11011,6.908,75000000,542064525,86,520.0,0.5
Mean Girls,10625,Mean Girls,2004,"[18, 35]",en,12.759,8916,7.2,17000000,130161094,97,1756.0,3.0
Shrek,808,Shrek,2001,"[16, 35, 14, 12, 10751]",en,41.001,17468,7.748,60000000,488628188,90,520.0,3.5
La Ciénaga,58429,La Ciénaga,2001,"[18, 35]",es,3.565,121,6.9,0,103215,103,10046.0,2.5
Harry Potter and the Chamber of Secrets,672,Harry Potter and the Chamber of Secrets,2002,"[12, 14]",en,21.595,22359,7.7,100000000,876688482,161,174.0,3.0
Harry Potter and the Prisoner of Azkaban,673,Harry Potter and the Prisoner of Azkaban,2004,"[12, 14]",en,18.334,21942,8.012,130000000,789804554,141,174.0,3.5
Harry Potter and the Goblet of Fire,674,Harry Potter and the Goblet of Fire,2005,"[12, 14]",en,21.974,21026,7.802,150000000,895921036,157,174.0,3.0
Harry Potter and the Order of the Phoenix,675,Harry Potter and the Order of the Phoenix,2007,"[12, 14]",en,18.49,19742,7.7,150000000,938212738,138,174.0,2.0
Harry Potter and the Half-Blood Prince,767,Harry Potter and the Half-Blood Prince,2009,"[12, 14]",en,19.813,19729,7.685,250000000,933959197,153,174.0,1.5
Harry Potter and the Deathly Hallows: Part 1,12444,Harry Potter and the Deathly Hallows: Part 1,2010,"[12, 14]",en,16.495,19343,7.743,250000000,954305868,146,174.0,2.0
Harry Potter and the Deathly Hallows: Part 2,12445,Harry Potter and the Deathly Hallows: Part 2,2011,"[14, 12]",en,17.051,20863,8.088,125000000,1341511219,130,174.0,2.0
The Fast and the Furious: Tokyo Drift,9615,The Fast and the Furious: Tokyo Drift,2006,"[28, 80, 18, 53]",en,2.422,7027,6.513,85000000,158964610,104,103453.0,1.5
Monster House,9297,Monster House,2006,"[16, 35, 10751, 14]",en,10.552,4026,6.688,75000000,140175006,91,11395.0,2.5
Happy Feet,9836,Happy Feet,2006,"[16, 35, 10751]",en,8.59,5154,6.198,100000000,384335608,108,2537.0,1.5
Flushed Away,11619,Flushed Away,2006,"[12, 16, 35, 10751]",en,6.879,3841,6.3,149000000,178120010,84,521.0,2.5
Spider-Man 3,559,Spider-Man 3,2007,"[28, 12, 878]",en,11.927,14320,6.433,258000000,894983373,139,326.0,1.0
I Now Pronounce You Chuck & Larry,3563,I Now Pronounce You Chuck & Larry,2007,"[35, 10749]",en,11.457,2368,6.069,85000000,187134117,115,33.0,1.5
The Simpsons Movie,35,The Simpsons Movie,2007,"[16, 35, 10751]",en,9.019,8085,7.009,75000000,527068851,87,18.0,2.5
Bee Movie,5559,Bee Movie,2007,"[10751, 16, 12, 35]",en,9.356,4910,6.023,150000000,287594577,91,1903.0,1.0
Meet Dave,11260,Meet Dave,2008,"[35, 878, 12, 10751]",en,3.997,1447,5.279,60000000,50650079,90,444.0,0.5
Journey to the Center of the Earth,88751,Journey to the Center of the Earth,2008,"[28, 878, 12, 35, 10751]",en,6.076,4858,6.078,45000000,101702060,93,12.0,2.5
Superhero Movie,11918,Superhero Movie,2008,"[35, 28, 878]",en,4.088,1849,5.255,35000000,71571300,82,7405.0,2.0
Paranormal Activity,23827,Paranormal Activity,2007,"[27, 9648]",en,5.311,5089,6.01,215000,193355800,86,3172.0,0.5
The Game Plan,13680,The Game Plan,2007,"[35, 10751]",en,5.165,2071,6.5,22000000,147880543,110,80510.0,1.5
Monsters vs Aliens,15512,Monsters vs Aliens,2009,"[16, 10751, 12, 878]",en,8.036,4679,6.2,175000000,381509870,94,521.0,2.5
Zombieland,19908,Zombieland,2009,"[35, 27]",en,6.413,12416,7.259,23600000,102391540,88,11733.0,0.5
Hancock,8960,Hancock,2008,"[14, 28]",en,5.303,9686,6.345,150000000,629400000,92,5.0,1.0
Night at the Museum,1593,Night at the Museum,2006,"[28, 12, 35, 10751, 14]",en,5.059,10330,6.6,110000000,574480841,108,436.0,1.5
White Chicks,12153,White Chicks,2004,"[35, 80]",en,12.522,4107,6.939,37000000,113100000,109,5.0,2.5
DodgeBall: A True Underdog Story,9472,DodgeBall: A True Underdog Story,2004,[35],en,4.849,3531,6.352,20000000,168423227,92,25.0,1.0
Corpse Bride,3933,Corpse Bride,2005,"[10749, 14, 16]",en,10.45,9459,7.579,40000000,118133252,77,8601.0,3.5
Green Lantern,44912,Green Lantern,2011,"[12, 28, 53, 878]",en,5.595,7290,5.17,200000000,219851172,114,9993.0,0.5
Star Wars,11,Star Wars,1977,"[12, 28, 878]",en,17.239,20934,8.202,11000000,775398007,121,1.0,3.0
The Empire Strikes Back,1891,The Empire Strikes Back,1980,"[12, 28, 878]",en,6.755,17230,8.391,18000000,538400000,124,1.0,3.0
Return of the Jedi,1892,Return of the Jedi,1983,"[12, 28, 878]",en,6.597,15906,7.895,32350000,572700000,132,1.0,3.0
X-Men Origins: Wolverine,2080,X-Men Origins: Wolverine,2009,"[12, 28, 878]",en,0.812,10631,6.273,150000000,373062864,107,431.0,2.0
The Wolverine,76170,The Wolverine,2013,"[28, 878, 12]",en,1.236,9721,6.419,120000000,415440673,126,431.0,2.0
Bridge to Terabithia,1265,Bridge to Terabithia,2007,"[12, 18, 10751]",en,9.263,4869,7.311,60000000,137587063,96,60611.0,3.5
Judas and the Black Messiah,583406,Judas and the Black Messiah,2021,"[18, 36]",en,3.904,1556,7.3,26000000,6416063,126,79426.0,3.0
Guardians of the Galaxy Vol. 2,283995,Guardians of the Galaxy Vol. 2,2017,"[878, 12, 28]",en,12.485,21806,7.6,200000000,863756051,137,420.0,3.0
Guardians of the Galaxy,118340,Guardians of the Galaxy,2014,"[28, 878, 12]",en,7.405,28324,7.905,170000000,772776600,121,420.0,3.0
Iron Man,1726,Iron Man,2008,"[28, 878, 12]",en,16.76,26717,7.6,140000000,585174222,126,420.0,2.5
Remember the Titans,10637,Remember the Titans,2000,[18],en,6.118,2713,7.6,30000000,136700000,113,130.0,3.0
Star Wars: Episode II – Attack of the Clones,1894,Star Wars: Episode II - Attack of the Clones,2002,"[12, 28, 878]",en,5.852,13431,6.6,120000000,649398328,142,1.0,2.5
Star Wars: Episode III – Revenge of the Sith,1895,Star Wars: Episode III - Revenge of the Sith,2005,"[12, 28, 878]",en,8.704,13934,7.4,113000000,850000000,140,1.0,2.5
Star Wars: Episode I – The Phantom Menace,1893,Star Wars: Episode I - The Phantom Menace,1999,"[12, 28, 878]",en,8.853,14833,6.556,115000000,924317558,136,1.0,2.0
Son of the Mask,10214,Son of the Mask,2005,"[14, 35, 10751, 12]",en,5.291,1847,4.208,84000000,59918422,94,12.0,1.0
Peter Pan,10601,Peter Pan,2003,"[12, 14, 10751]",en,6.67,2643,7.149,100000000,121975011,113,33.0,3.0
Daddy Day Care,10708,Daddy Day Care,2003,"[35, 10751]",en,5.338,2133,5.897,60000000,164433867,92,497.0,2.0
Superbad,8363,Superbad,2007,[35],en,8.536,7449,7.3,20000000,170800000,113,5.0,2.0
Click,9339,Click,2006,"[35, 18, 14]",en,5.851,7107,6.292,82500000,240685326,107,333.0,2.0
Epic Movie,9760,Epic Movie,2007,"[35, 12, 14]",en,5.92,1554,3.9,20000000,87238158,85,508.0,1.0
Norbit,9757,Norbit,2007,[35],en,9.37,2419,5.663,10000000,159814490,102,2184.0,1.5
Ted,72105,Ted,2012,"[35, 14]",en,8.284,12458,6.439,50000000,549368315,107,33.0,0.5
The Hangover Part II,45243,The Hangover Part II,2011,[35],en,10.877,10614,6.485,80000000,586764305,102,923.0,0.5
The Hangover,18785,The Hangover,2009,[35],en,16.618,17098,7.322,35000000,469310836,100,923.0,1.5
The Spy Next Door,23172,The Spy Next Door,2010,"[28, 35, 10751]",en,3.799,1312,5.9,28000000,66166000,94,46062.0,2.0
Sherlock Holmes,10528,Sherlock Holmes,2009,"[28, 12, 80, 9648]",en,8.93,14064,7.214,90000000,524028679,129,174.0,2.5
Tangled,38757,Tangled,2010,"[16, 10751, 12]",en,16.656,11649,7.6,260000000,592461732,100,6125.0,2.0
School of Rock,1584,School of Rock,2003,"[35, 10402]",en,7.318,5719,7.082,35000000,131100000,110,4.0,3.0
Mr. & Mrs. Smith,787,Mr. & Mrs. Smith,2005,"[28, 35, 18, 53]",en,8.68,10527,6.688,110000000,487300000,119,508.0,3.0
Train to Busan,396535,Train to Busan,2016,"[27, 53, 28, 12]",ko,15.077,7660,7.8,8500000,87547518,118,20064.0,2.5
The Batman,414906,The Batman,2022,"[80, 9648, 53]",en,17.293,10694,7.7,185000000,772319315,177,101405.0,1.5
Chungking Express,11104,Chungking Express,1994,"[18, 35, 10749]",cn,6.448,1878,7.968,160000,0,103,540.0,3.5
Insiang,108949,Insiang,1976,[18],tl,2.091,59,7.1,0,0,95,69395.0,2.5
Scream VI,934433,Scream VI,2023,"[27, 80, 53]",en,10.457,2733,7.0,35000000,168961389,123,126588.0,1.5
G-Force,19585,G-Force,2009,"[16, 10751, 14, 28, 12, 35, 878]",en,3.908,1887,5.5,150000000,292817841,88,2.0,1.5
Vampires Suck,40264,Vampires Suck,2010,"[35, 14]",en,3.793,1301,4.3,20000000,80547866,84,2648.0,0.5
Inception,27205,Inception,2010,"[28, 878, 12]",en,23.329,37148,8.369,160000000,839030630,148,923.0,3.0
Dunkirk,374720,Dunkirk,2017,"[10752, 28, 18]",en,6.706,16650,7.5,150000000,527000000,107,174.0,2.5
Limite,8353,Limite,1931,"[18, 12]",pt,3.534,105,7.1,0,0,120,2445.0,1.5
Return to Seoul,952701,Return to Seoul,2022,[18],fr,3.815,423,6.2,0,1594998,119,7059.0,4.0
Hereditary,493922,Hereditary,2018,"[27, 9648, 53]",en,10.269,7828,7.292,10000000,87825916,128,24277.0,1.0
The Little Mermaid,10144,The Little Mermaid,1989,"[16, 10751, 14]",en,12.079,7979,7.351,40000000,211343479,83,2.0,1.5
John Wick: Chapter 4,603692,John Wick: Chapter 4,2023,"[28, 53, 80]",en,21.739,6886,7.7,90000000,440157245,170,3528.0,3.5
John Wick: Chapter 3 – Parabellum,458156,John Wick: Chapter 3 - Parabellum,2019,"[28, 53, 80]",en,13.267,10837,7.444,55000000,326709727,131,3528.0,2.5
John Wick: Chapter 2,324552,John Wick: Chapter 2,2017,"[28, 53, 80]",en,10.967,13278,7.332,40000000,171539887,122,3528.0,2.5
John Wick,245891,John Wick,2014,"[28, 53]",en,7.496,19512,7.4,20000000,88761661,101,23008.0,2.5
Three... Extremes,33908,Three... Extremes,2004,[27],ko,3.607,372,6.8,77532,516930,125,5346.0,3.0
Aloners,805058,Aloners,2021,[18],ko,3.549,104,6.8,0,0,91,7083.0,4.0
No Country for Old Men,6977,No Country for Old Men,2007,"[80, 18, 53]",en,9.061,12231,7.9,25000000,171627166,122,14.0,3.0
The Menu,593643,The Menu,2022,"[35, 27, 53]",en,8.556,5172,7.178,35000000,79628200,107,125055.0,2.5
The Lobster,254320,The Lobster,2015,"[35, 18, 10749]",en,5.919,6340,7.0,4000000,15700000,119,71265.0,1.0
Punch-Drunk Love,8051,Punch-Drunk Love,2002,"[10749, 18, 35]",en,4.096,2383,7.124,25000000,24665649,96,5.0,3.0
The Banshees of Inisherin,674324,The Banshees of Inisherin,2022,"[18, 35]",en,4.577,2874,7.454,20000000,49300000,114,127929.0,4.0
Antonio das Mortes,74349,Antonio das Mortes,1969,"[28, 80, 18, 37, 36]",pt,3.095,87,6.9,0,0,100,8565.0,4.0
The Whale,785084,The Whale,2022,[18],en,6.828,4057,7.8,3000000,55101305,117,41077.0,3.0
I'm Your Man,795813,I'm Your Man,2021,"[878, 35, 10749]",de,3.85,308,6.8,0,1090661,108,2538.0,2.0
Se7en,807,Se7en,1995,"[80, 9648, 53]",en,14.959,21466,8.4,33000000,327311859,127,12.0,3.0
Fresh,787752,Fresh,2022,"[27, 53]",en,8.243,1641,6.986,0,0,115,923.0,2.5
The Curious Case of Benjamin Button,4922,The Curious Case of Benjamin Button,2008,"[18, 14, 10749]",en,11.494,12956,7.59,150000000,335800000,166,4.0,0.5
Ran,11645,Ran,1985,"[28, 18, 36]",ja,4.155,1584,8.1,11500005,11859533,160,1598.0,4.5
Spider-Man: Across the Spider-Verse,569094,Spider-Man: Across the Spider-Verse,2023,"[16, 28, 12, 878]",en,23.377,7368,8.347,100000000,690897910,140,5.0,3.5
House of Flying Daggers,9550,House of Flying Daggers,2004,"[12, 18, 28]",zh,3.663,1652,7.283,15000000,92863945,119,724.0,2.5
The Cabin in the Woods,22970,The Cabin in the Woods,2011,"[27, 9648]",en,7.482,7962,6.6,30000000,71038838,95,1632.0,1.5
Landless,591809,Landless,2019,[18],en,0.06,0,0.0,0,0,6,,3.5
Revenge,216046,Revenge,1989,"[18, 36]",ru,1.061,29,6.0,0,0,100,232195.0,3.5
The Girl with the Dragon Tattoo,65754,The Girl with the Dragon Tattoo,2011,"[53, 80, 9648]",en,5.401,7077,7.4,90000000,232617430,158,5.0,1.0
Let the Right One In,13310,Let the Right One In,2008,"[27, 18]",sv,4.024,2984,7.536,4000000,10785801,115,3576.0,2.0
Emicida: AmarElo - It's All for Yesterday,765613,Emicida: AmarElo - It's All for Yesterday,2020,"[99, 10402]",pt,1.782,50,8.6,0,0,89,153581.0,5.0
The Pianist,423,The Pianist,2002,"[18, 10752]",en,11.269,9376,8.4,35000000,120098945,150,250.0,4.0
Singin' in the Rain,872,Singin' in the Rain,1952,"[35, 10749]",en,5.588,3193,8.1,2540800,7200000,103,21.0,4.5
The Grand Budapest Hotel,120467,The Grand Budapest Hotel,2014,"[35, 18]",en,7.68,15011,8.0,30000000,174600318,100,43.0,4.0
Scarface,111,Scarface,1983,"[28, 80, 18]",en,11.771,12057,8.161,25000000,66023329,169,33.0,3.0
Annette,424277,Annette,2021,"[18, 10749]",fr,3.619,695,6.7,15500000,3700000,140,75055.0,3.5
The Mitchells vs. the Machines,501929,The Mitchells vs. the Machines,2021,"[16, 12, 35]",en,5.278,3007,7.894,75000000,0,110,77973.0,4.5
Last Night in Soho,576845,Last Night in Soho,2021,"[27, 9648]",en,4.984,3497,7.303,43000000,22957625,116,6705.0,3.5
The Worst Person in the World,660120,The Worst Person in the World,2021,"[18, 10749, 35]",no,4.977,1440,7.5,5000000,11800000,128,113596.0,3.5
The Tragedy of Macbeth,591538,The Tragedy of Macbeth,2021,"[18, 10752]",en,3.651,770,6.9,0,176248,105,93105.0,4.0
Encanto,568124,Encanto,2021,"[16, 35, 10751, 14]",en,16.507,9631,7.596,135000000,261289554,102,6125.0,3.5
The House,926899,The House,2022,"[16, 18, 35, 27, 14]",en,4.093,1041,7.026,0,0,97,91202.0,2.5
Nobody,615457,Nobody,2021,"[28, 53]",en,7.403,7254,7.9,17000000,61779301,91,121470.0,2.0
Lady Bird,391713,Lady Bird,2017,"[18, 35]",en,4.894,8607,7.3,10000000,79000000,94,93105.0,4.0
Moana,277834,Moana,2016,"[12, 35, 10751, 16]",en,3.874,12916,7.566,150000000,690860472,107,2.0,4.0
Baby Driver,339403,Baby Driver,2017,"[28, 80]",en,9.179,15910,7.448,34000000,226945087,113,443.0,3.5
Dazed and Confused,9571,Dazed and Confused,1993,"[35, 18]",en,4.652,2076,7.299,6900000,8000000,102,37.0,1.0
Triumph of the Will,39266,Triumph of the Will,1935,[99],de,3.548,276,6.9,0,0,114,580.0,0.5
Life Is Beautiful,637,Life Is Beautiful,1997,"[35, 18]",it,10.916,13230,8.446,20000000,230098753,116,22117.0,4.5
Drive My Car,758866,Drive My Car,2021,[18],ja,4.392,1304,7.425,1300000,15356046,179,4667.0,4.5
12 Angry Men,389,12 Angry Men,1957,[18],en,11.402,8942,8.5,397751,4360000,97,60.0,4.5
Come and See,25237,Come and See,1985,"[18, 10752]",ru,5.074,1554,8.236,0,20929648,142,12617.0,4.5
The Fabelmans,804095,The Fabelmans,2022,[18],en,6.416,2414,7.6,40000000,45629909,151,56.0,2.0
TÁR,817758,TÁR,2022,"[10402, 18]",en,4.501,1304,7.09,35000000,29048571,158,10146.0,1.0
Yi Yi,25538,Yi Yi,2000,[18],zh,4.117,550,7.9,0,0,174,1195.0,4.5
"I, Daniel Blake",374473,"I, Daniel Blake",2016,[18],en,3.777,1424,7.729,0,15793051,100,12695.0,4.5
Sherlock Jr.,992,Sherlock Jr.,1924,"[28, 35, 9648]",en,3.695,1020,8.1,0,0,45,16101.0,3.0
Marriage Story,492188,Marriage Story,2019,[18],en,4.477,7018,7.7,18000000,2300000,137,437.0,3.5
The Passion of Joan of Arc,780,The Passion of Joan of Arc,1928,"[18, 36]",fr,3.798,965,8.0,0,18121,82,1237.0,3.0
Breaker Morant,13783,Breaker Morant,1980,"[18, 36, 10752]",en,3.561,150,7.1,1000000,8200000,107,2806.0,1.0
Portrait of a Lady on Fire,531428,Portrait of a Lady on Fire,2019,"[18, 10749, 36]",fr,6.719,2634,8.1,5740000,9923127,121,43649.0,4.5
Children of Men,9693,Children of Men,2006,"[18, 28, 53, 878]",en,6.254,7223,7.613,76000000,70595464,109,33.0,2.5
The Shape of Water,399055,The Shape of Water,2017,"[18, 14, 10749]",en,7.96,12245,7.244,19500000,195300000,123,101082.0,3.0
Barbarian,913290,Barbarian,2022,"[27, 9648]",en,6.373,2599,6.822,4500000,45400000,103,18609.0,3.0
Cha Cha Real Smooth,814340,Cha Cha Real Smooth,2022,"[35, 18, 10749]",en,3.887,338,7.2,0,0,108,123244.0,2.5
Lullaby,702621,Lullaby,2022,[27],en,2.949,75,5.3,20000000,0,86,1088.0,3.5
Fallen Angels,11220,Fallen Angels,1995,"[28, 10749, 80]",cn,6.109,1087,7.7,0,0,98,540.0,4.5
Malcolm X,1883,Malcolm X,1992,"[18, 36]",en,4.219,1697,7.5,34000000,48169908,202,4319.0,4.5
The Wailing,293670,The Wailing,2016,"[27, 9648]",ko,5.405,1787,7.4,10951000,49851770,156,7485.0,4.0
The Tree of Life,8967,The Tree of Life,2011,"[18, 14]",en,4.234,3107,6.7,32000000,54700000,139,1246.0,1.0
In the Mood for Love,843,In the Mood for Love,2000,"[18, 10749]",cn,7.845,2855,8.1,150000,14204632,99,539.0,4.5
The Edge of Democracy,566221,The Edge of Democracy,2019,[99],pt,3.582,354,7.648,0,0,121,44159.0,2.5
The Hate U Give,470044,The Hate U Give,2018,"[80, 18]",en,4.271,2140,8.107,23000000,34934009,133,12292.0,2.0
The Evil Dead,764,The Evil Dead,1981,[27],en,5.957,4075,7.3,350000,29612367,85,467.0,1.5
Jaws,578,Jaws,1975,"[27, 53, 12]",en,15.943,10642,7.663,7000000,470653000,124,1865.0,2.0
Häxan,57283,Häxan,1922,"[99, 27, 36]",sv,3.653,385,7.6,220000,0,105,78552.0,2.0
8½,422,8½,1963,[18],it,4.681,2317,8.136,0,0,139,9387.0,3.0
Tokyo Story,18148,Tokyo Story,1953,[18],ja,5.639,1092,8.176,0,0,137,192.0,3.0
Made in U.S.A,29369,Made in U.S.A,1966,"[80, 9648, 35]",fr,3.51,99,6.2,50000,0,85,27260.0,1.0
Shutter Island,11324,Shutter Island,2010,"[18, 53, 9648]",en,15.144,24298,8.201,80000000,294804195,138,4.0,1.5
Memento,77,Memento,2000,"[9648, 53]",en,8.146,15115,8.2,9000000,40047236,113,28.0,3.5
The Color of Pomegranates,26302,The Color of Pomegranates,1969,"[18, 36]",hy,3.576,281,7.4,0,0,80,116561.0,3.0
The Red Shoes,19542,The Red Shoes,1948,"[18, 10749]",en,3.598,675,8.0,500000,0,133,4397.0,2.5
Masculin Féminin,4710,Masculin Féminin,1966,"[18, 10749]",fr,3.589,393,7.3,0,0,105,6181.0,2.0
Isle of Dogs,399174,Isle of Dogs,2018,"[12, 35, 16]",en,5.395,4967,7.851,62770198,64337744,101,264.0,2.0
The Second Mother,310569,The Second Mother,2015,[18],pt,3.732,735,8.041,0,0,112,47462.0,3.5
Oldboy,670,Oldboy,2003,"[18, 53, 9648, 28]",ko,10.981,8877,8.253,3000000,17500000,120,399.0,5.0
Guillermo del Toro's Pinocchio,555604,Guillermo del Toro's Pinocchio,2022,"[16, 14, 18, 12, 10751, 10402]",en,5.206,3003,8.067,35000000,0,117,6254.0,3.0
Bodies Bodies Bodies,520023,Bodies Bodies Bodies,2022,"[27, 35, 9648, 53]",en,4.454,1239,6.197,3000000,13900000,94,41077.0,3.0
Pan's Labyrinth,1417,Pan's Labyrinth,2006,"[14, 18, 10752]",es,8.143,10679,7.754,19000000,83258226,118,2029.0,4.0
The Prestige,1124,The Prestige,2006,"[18, 9648, 878]",en,12.946,16339,8.203,40000000,109676311,130,174.0,2.5
Talk to Me,1118584,Talk to Me,2022,[18],ar,0.277,0,0.0,0,0,21,135619.0,3.0
Elite Squad: The Enemy Within,47931,Elite Squad: The Enemy Within,2010,"[18, 28, 80]",pt,7.931,1881,7.8,0,63027681,115,47044.0,3.0
City of God,598,City of God,2002,"[18, 80]",pt,7.643,7537,8.426,3300000,30641770,129,345.0,3.5
A Nightmare on Elm Street,377,A Nightmare on Elm Street,1984,[27],en,8.146,5245,7.3,1800000,57004513,91,12.0,4.0
Brazil,68,Brazil,1985,"[35, 878]",en,5.347,3357,7.666,15000000,9900000,143,10214.0,2.5
The People Under the Stairs,13122,The People Under the Stairs,1991,"[27, 35, 9648, 53]",en,3.575,675,6.529,6000000,31400000,103,17823.0,4.0
Everything Everywhere All at Once,545611,Everything Everywhere All at Once,2022,"[28, 12, 878]",en,13.813,6857,7.76,25000000,139200000,140,93105.0,3.0
The Sadness,776797,The Sadness,2021,"[27, 53]",zh,5.134,901,6.79,0,0,99,157638.0,1.0
Phenomena,29161,Phenomena,1985,"[27, 53]",en,3.691,825,6.8,3800000,0,110,4746.0,3.5
The Others,1933,The Others,2001,"[27, 9648, 53]",en,8.093,6627,7.609,17000000,210002906,104,7405.0,2.0
A Page of Madness,94525,A Page of Madness,1926,"[27, 18]",ja,3.541,146,7.4,0,0,71,94935.0,3.5
The Conjuring,138843,The Conjuring,2013,"[27, 53]",en,16.519,11718,7.539,13000000,320415166,112,31375.0,3.0
Saw II,215,Saw II,2005,[27],en,3.993,5454,6.6,4000000,152925093,93,1053.0,0.5
The Exorcist,9552,The Exorcist,1973,[27],en,8.819,8080,7.73,12000000,441306145,122,48184.0,2.5
Central Station,666,Central Station,1998,[18],pt,4.304,937,8.1,2900000,5596708,110,393.0,3.0
Jennifer's Body,19994,Jennifer's Body,2009,"[27, 35]",en,8.389,3899,6.0,16000000,31556061,107,2890.0,3.0
Possession,21484,Possession,1981,[27],fr,6.142,1139,7.3,2400000,1200000,124,9.0,4.5
Rear Window,567,Rear Window,1954,"[53, 9648]",en,7.345,6606,8.3,1000000,37042336,112,4.0,4.5
Vertigo,426,Vertigo,1958,"[9648, 10749, 53]",en,6.424,5833,8.162,2479000,7808900,128,4.0,4.0
Devil,44040,Devil,2010,"[27, 9648, 53]",en,3.904,2899,6.1,10000000,33583175,80,33.0,0.5
Audition,11075,Audition,1999,"[27, 18]",ja,4.228,1581,7.121,250000,359853,115,17337.0,4.0
I Know What You Did Last Summer,3597,I Know What You Did Last Summer,1997,"[27, 53, 9648]",en,6.122,2825,5.966,17000000,125586134,101,1464.0,3.0
Carrie,7340,Carrie,1976,"[27, 53]",en,7.921,3923,7.3,1800000,33800000,98,60.0,4.0
The Blair Witch Project,2667,The Blair Witch Project,1999,"[27, 9648]",en,6.406,4953,6.3,60000,248639099,81,15160.0,3.0
Psycho,539,Psycho,1960,"[27, 53, 9648]",en,7.521,10243,8.4,806947,50048065,109,10717.0,4.5
Perfect Blue,10494,Perfect Blue,1997,"[16, 53]",ja,7.626,2744,8.3,830000,112536,82,3464.0,4.0
Black Swan,44214,Black Swan,2010,"[18, 53, 27]",en,11.212,14662,7.686,13000000,329398046,109,43.0,3.5
Hard Labor,96001,Hard Labor,2011,"[18, 27]",pt,1.348,38,6.4,0,0,99,47462.0,4.0
Shutter,17111,Shutter,2004,"[27, 9648, 53]",th,5.874,1244,7.3,125000,0,97,3255.0,3.0
The Texas Chain Saw Massacre,30497,The Texas Chain Saw Massacre,1974,[27],en,6.816,3396,7.3,140000,30900000,83,1197.0,3.0
Halloween,948,Halloween,1978,"[27, 53]",en,8.153,5708,7.6,325000,70260597,91,14323.0,3.0
Five Nights at Freddy's,507089,Five Nights at Freddy's,2023,"[27, 9648, 53]",en,12.668,4250,7.487,20000000,297144130,110,3172.0,0.5
Citizen Kane,15,Citizen Kane,1941,"[9648, 18]",en,4.992,5613,7.999,839727,23218000,119,11447.0,3.5
The Life Aquatic with Steve Zissou,421,The Life Aquatic with Steve Zissou,2004,"[12, 35, 18]",en,3.811,2916,7.1,50000000,34808403,119,23449.0,3.0
The Man from Earth,13363,The Man from Earth,2007,"[878, 18]",en,4.265,2564,7.6,200000,0,87,2741.0,0.5
Murder on the Orient Express,392044,Murder on the Orient Express,2017,"[9648, 18, 80]",en,5.995,10035,6.704,55000000,352800000,114,1557.0,1.0
It Follows,270303,It Follows,2014,"[27, 9648]",en,7.187,6458,6.581,2300000,23374076,101,52739.0,2.0
Ossos,55700,Ossos,1997,[18],pt,1.491,42,6.826,0,0,97,11143.0,2.0
Oppenheimer,872585,Oppenheimer,2023,"[18, 36]",en,22.814,9908,8.1,100000000,952000000,181,9996.0,3.0
Being There,10322,Being There,1979,"[35, 18]",en,3.703,1005,7.614,0,30177511,130,60.0,1.0
Seconds,20620,Seconds,1966,"[878, 18, 53, 27]",en,3.587,367,7.3,2500000,1750000,107,3809.0,2.5
The Ballad of Narayama,116690,The Ballad of Narayama,1958,[18],ja,2.911,82,7.5,0,0,98,192.0,3.0
Slaughterhouse-Five,24559,Slaughterhouse-Five,1972,"[18, 878, 10752]",en,3.539,227,6.5,3200000,0,100,33.0,2.0
Solaris,593,Solaris,1972,"[18, 878, 9648]",ru,4.55,1638,7.8,0,0,167,77883.0,4.5
Taipei Story,106380,Taipei Story,1985,[18],zh,3.59,115,7.5,0,0,120,152025.0,3.5
Barry Lyndon,3175,Barry Lyndon,1975,"[18, 10749, 10752, 36]",en,3.9,2875,8.0,11000000,260131,185,174.0,2.5
Nashville,3121,Nashville,1975,"[18, 10402, 35]",en,3.549,407,7.2,2200000,9991258,160,4.0,4.5
La Strada,405,La Strada,1954,[18],it,4.013,1079,7.901,0,0,115,217.0,3.0
Harakiri,14537,Harakiri,1962,"[28, 18, 36]",ja,4.196,1040,8.4,0,0,135,192.0,4.5
Ikiru,3782,Ikiru,1952,[18],ja,4.275,1179,8.311,0,55240,143,882.0,3.5
The 400 Blows,147,The 400 Blows,1959,[18],fr,3.877,2169,8.0,0,0,99,53.0,2.0
Je Tu Il Elle,93934,Je Tu Il Elle,1974,"[18, 10749]",fr,3.324,87,6.5,0,0,86,10645.0,3.5
Stalker,1398,Stalker,1979,"[878, 18]",ru,4.985,2232,8.122,120000,0,162,344.0,4.5
Tell Me,383914,Tell Me,1980,"[10770, 99]",fr,0.177,5,5.4,0,0,46,16180.0,2.5
Mirror,1396,Mirror,1975,"[18, 36]",ru,5.261,971,8.0,825000,124367,106,344.0,3.5
Atomic Blonde,341013,Atomic Blonde,2017,"[28, 12, 53]",en,4.355,6268,6.4,30000000,100014025,115,10146.0,1.0
Rouge,68883,Rouge,1987,"[18, 14, 10749, 9648]",cn,2.519,68,7.4,0,0,96,3054.0,4.0
The Emperor's New Groove,11688,The Emperor's New Groove,2000,"[12, 16, 35, 10751, 14]",en,13.111,6831,7.557,100000000,169327687,78,2.0,2.0
GoodFellas,769,GoodFellas,1990,"[18, 80]",en,12.064,13165,8.5,25000000,46800000,145,8880.0,4.0
Godzilla,1678,Godzilla,1954,"[53, 27, 878]",ja,4.181,993,7.6,900000,2250000,96,882.0,3.5
Bottoms,814776,Bottoms,2023,[35],en,6.244,657,6.7,11300000,12976079,91,12365.0,3.0
Peninsula,581392,Peninsula,2020,"[27, 28, 53, 12]",ko,7.312,2389,6.8,17000000,42698327,115,20064.0,3.5
A Story of Floating Weeds,44163,A Story of Floating Weeds,1934,[18],ja,2.031,57,7.0,0,0,86,192.0,3.5
Bicycle Thieves,5156,Bicycle Thieves,1948,[18],it,4.311,2457,8.184,133000,450159,89,1875.0,2.0
Kill Boksoon,849869,Kill Boksoon,2023,"[28, 18, 53, 80]",ko,4.028,442,6.822,0,0,137,126602.0,4.0
Harry Potter and the Philosopher's Stone,671,Harry Potter and the Philosopher's Stone,2001,"[12, 14]",en,27.996,27988,7.902,125000000,976475550,152,174.0,4.0
Throw Down,25664,Throw Down,2004,"[18, 28]",cn,3.54,104,6.8,0,0,95,5632.0,4.5
La Abuela (The Grandmother),661791,La Abuela (The Grandmother),2021,"[18, 27]",es,3.564,452,5.863,3749231,1817696,101,29566.0,1.0
Anatomy of a Fall,915935,Anatomy of a Fall,2023,"[53, 9648, 80]",fr,6.473,2696,7.549,6700000,35634133,151,58568.0,3.5
Bo Burnham: Inside,823754,Bo Burnham: Inside,2021,"[35, 18]",en,3.634,516,8.0,0,0,87,,1.0
Police Story,9056,Police Story,1985,"[28, 80, 53]",cn,5.027,902,7.5,500000,18724000,99,3054.0,4.0
Barbie,346698,Barbie,2023,"[35, 12]",en,21.442,9639,7.0,145000000,1445638421,114,82968.0,1.0
Where Is the Friend's House?,49964,Where Is The Friend's House?,1987,"[18, 10751]",fa,4.084,370,7.922,0,0,83,11459.0,4.5
The King of Comedy,262,The King of Comedy,1982,"[18, 35]",en,3.747,2347,7.8,19000000,2536000,109,10214.0,4.5
Clue,15196,Clue,1985,"[35, 53, 80, 9648]",en,4.188,1759,7.221,15000000,14643997,94,498.0,1.0
Taste of Cherry,30020,Taste of Cherry,1997,[18],fa,4.237,613,7.656,0,0,99,11459.0,4.5
Tetris,726759,Tetris,2023,"[53, 36, 18]",en,4.967,1403,7.686,0,0,118,5374.0,0.5
The Umbrellas of Cherbourg,5967,The Umbrellas of Cherbourg,1964,"[18, 10749]",fr,3.815,800,7.4,200000,7600000,92,14680.0,3.5
Shaun of the Dead,747,Shaun of the Dead,2004,"[27, 35]",en,9.061,8626,7.5,6000000,39396175,99,442.0,5.0
[REC],8329,[REC],2007,"[27, 9648]",es,5.221,4488,7.2,1500000,32511655,78,3631.0,3.0
The Girl on the Train,346685,The Girl on the Train,2016,"[53, 9648, 18, 80]",en,3.983,5739,6.4,45000000,173200000,112,7294.0,1.0
Sambizanga,87392,Sambizanga,1972,[18],ln,0.908,24,6.833,0,0,102,7001.0,4.5
The Zone of Interest,467244,The Zone of Interest,2023,"[18, 36, 10752]",en,8.641,2061,7.0,15000000,52631884,105,41077.0,1.0
American Fiction,1056360,American Fiction,2023,"[35, 18]",en,4.728,1076,7.311,16000000,22483370,117,2531.0,2.5
Killers of the Flower Moon,466420,Killers of the Flower Moon,2023,"[80, 36, 18]",en,9.217,3501,7.436,200000000,156922344,206,194232.0,4.0
Poor Things,792307,Poor Things,2023,"[878, 10749, 35]",en,17.59,4550,7.703,35000000,117607117,141,127929.0,1.0
The Holdovers,840430,The Holdovers,2023,"[35, 18]",en,5.95,1896,7.7,13000000,42513270,133,14.0,4.0
The Storytellers,165545,The Storytellers,2003,[18],pt,0.848,24,7.3,0,0,100,2535.0,4.0
Pixote,42148,Pixote,1980,"[80, 18]",pt,3.559,216,8.0,0,0,128,2434.0,4.0
"Rio, 100 Degrees F.",146075,"Rio, 100 Degrees F.",1955,[18],pt,1.309,37,7.1,0,0,91,93194.0,4.0
Once Upon a Time in China,10617,Once Upon a Time in China,1991,"[28, 18]",cn,4.084,424,7.152,0,3826459,133,2734.0,3.5
Fake Blonde,169497,Fake Blonde,2007,"[35, 18]",pt,0.719,20,6.2,0,0,105,107711.0,4.0
Helter Skelter,104524,Helter Skelter,2012,"[18, 27]",ja,3.603,142,6.7,0,0,127,5073.0,3.0
La Haine,406,La Haine,1995,[18],fr,5.304,4137,8.088,2600000,15300000,98,22684.0,4.5
Cyrano,730047,Cyrano,2021,"[18, 10749]",en,3.62,301,6.382,20000000,3000000,122,21.0,1.0
Tenet,577922,Tenet,2020,"[28, 53, 878]",en,8.068,10104,7.2,205000000,365304105,150,174.0,1.0
Easy Rider,624,Easy Rider,1969,"[12, 18]",en,5.696,1988,7.1,400000,60000000,95,5.0,2.0
The Card Counter,643532,The Card Counter,2021,"[18, 53, 80]",en,3.814,981,6.1,0,5040860,111,159010.0,1.0
Blue Bayou,644089,Blue Bayou,2021,[18],en,3.831,273,7.48,0,750000,117,8147.0,1.0
The Hand of God,722778,The Hand of God,2021,[18],it,3.919,1665,7.549,0,0,130,128344.0,1.0
Triangle of Sadness,497828,Triangle of Sadness,2022,"[35, 18]",en,4.438,2320,7.064,15600000,24733572,147,104363.0,1.0
Lamb,788929,Lamb,2021,"[18, 14, 27]",is,3.638,900,6.436,0,3200000,106,2801.0,1.0
Cry Macho,749274,Cry Macho,2021,"[18, 37]",en,3.713,1040,6.0,33000000,16510734,104,171.0,2.0
The Social Network,37799,The Social Network,2010,[18],en,10.061,12296,7.368,40000000,224920315,121,5.0,1.0
Fight Club,550,Fight Club,1999,[18],en,18.965,29945,8.4,63000000,100853753,139,711.0,1.0
The Killer,800158,The Killer,1989,"[80, 53]",en,4.559,2292,6.566,175000000,362113,118,178464.0,5.0
Elite Squad,7347,Elite Squad,2007,"[18, 28, 80]",pt,8.489,2462,8.047,4000000,14759148,115,47046.0,1.0
Final Destination,9532,Final Destination,2000,[27],en,7.912,5741,6.602,23000000,112880294,98,48772.0,1.0
Before Sunset,80,Before Sunset,2004,"[18, 10749]",en,4.057,3448,7.81,2700000,15992615,80,11509.0,1.0
The Lost Daughter,554230,The Lost Daughter,2021,[18],en,3.604,991,6.493,5000000,703281,121,100640.0,1.0
Game of Death,13333,Game of Death,1978,"[18, 28, 53]",cn,3.991,682,6.386,850000,0,101,2521.0,1.0
Zodiac,1949,Zodiac,2007,"[80, 18, 9648, 53]",en,11.236,10709,7.525,65000000,84785914,157,4.0,1.0
Araby,434370,Araby,2017,[18],pt,1.313,37,8.0,0,0,98,94697.0,3.0
The All-Around Reduced Personality: Redupers,188165,The All-Around Reduced Personality: Redupers,1978,"[18, 99]",de,0.318,9,5.2,0,0,98,14195.0,4.5
Necropolis Symphony,288436,Necropolis Symphony,2014,"[35, 10402, 10749]",pt,0.712,20,5.8,0,0,85,37100.0,3.0
The Graduate,37247,The Graduate,1967,"[18, 10749, 35]",en,5.066,3391,7.6,3000000,104945305,106,494.0,2.0
Home Alone,771,Home Alone,1990,"[35, 10751]",en,0.512,11524,7.441,18000000,476684675,103,477.0,3.0
Cléo from 5 to 7,499,Cléo from 5 to 7,1962,[18],fr,3.758,702,7.7,0,0,90,109.0,4.0
Coherence,220289,Coherence,2013,"[53, 878]",en,6.967,2989,7.232,50000,139745,89,29303.0,2.0
Dona Flor and Her Two Husbands,42234,Dona Flor and Her Two Husbands,1976,"[35, 18, 14, 10749]",pt,3.547,133,6.8,0,0,117,8496.0,4.0
Z-O-M-B-I-E-S,483980,Z-O-M-B-I-E-S,2018,"[14, 35, 10749, 10770]",en,4.571,689,7.2,0,0,94,57609.0,1.0
Battle Royale,3176,Battle Royale,2000,"[18, 53, 28]",ja,5.498,3470,7.288,4500000,30600000,113,5822.0,4.5
Bring Me the Head of Alfredo Garcia,11942,Bring Me the Head of Alfredo Garcia,1974,"[28, 80, 18]",en,3.594,371,7.1,1500000,700000,113,14907.0,3.0
Bamboozled,24664,Bamboozled,2000,"[35, 18]",en,3.549,134,6.205,10000000,2463650,136,12.0,4.5
The First Slam Dunk,783675,The First Slam Dunk,2022,"[16, 35, 18]",ja,4.242,426,7.783,0,258000000,125,5542.0,4.5
Next Sohee,923344,Next Sohee,2022,"[18, 53]",ko,3.57,111,7.4,0,1350266,138,172063.0,3.5
The Devil Wears Prada,350,The Devil Wears Prada,2006,"[18, 35]",en,12.934,12204,7.4,35000000,326706115,109,711.0,2.0
April Story,72933,April Story,1998,"[10749, 18]",ja,3.463,97,7.3,0,0,67,2487.0,4.0
The Blackening,1008392,The Blackening,2022,"[27, 35]",en,3.619,311,6.1,5000000,16000000,97,2531.0,2.0
Entranced Earth,67062,Entranced Earth,1967,[18],pt,3.558,117,7.312,0,0,108,8565.0,4.0
Primer,14337,Primer,2004,"[878, 18, 53]",en,3.657,2190,6.764,7000,545436,77,44640.0,1.0
Sorry to Bother You,424781,Sorry to Bother You,2018,"[14, 878, 35]",en,5.386,1583,6.796,3200000,18200000,112,12219.0,4.0
American Psycho,1359,American Psycho,2000,"[53, 18, 80]",en,9.361,11245,7.4,7000000,34300000,102,1632.0,3.5
House of Hummingbird,547404,House of Hummingbird,2018,[18],ko,3.587,102,7.6,0,1041948,135,73918.0,4.5
Do the Right Thing,925,Do the Right Thing,1989,[18],en,4.202,1802,7.749,6500000,37300000,120,33.0,5.0
The Up Rank,995923,The Up Rank,2022,"[80, 28, 18]",th,0.218,5,5.6,0,0,108,15484.0,2.0
Querelle,42135,Querelle,1982,"[18, 14]",en,3.55,176,6.577,0,0,108,9.0,3.0
Memories of Murder,11423,Memories of Murder,2003,"[80, 18, 53]",ko,7.582,3928,8.1,2800000,26000000,131,7036.0,5.0
Saloum,858096,Saloum,2021,"[27, 53]",fr,1.255,34,6.7,0,2492,84,161176.0,4.0
Surf's Up,9408,Surf's Up,2007,"[16, 35, 10751]",en,5.14,2541,6.5,85000000,149000000,85,5.0,3.0
Sleep,964592,Sleep,2023,"[27, 9648, 53]",ko,3.978,169,6.7,0,11033636,95,62312.0,4.0
Challengers,937287,Challengers,2024,"[10749, 18]",en,9.826,2071,6.957,55000000,94182533,132,84041.0,3.0
Torment,17961,Torment,1994,"[18, 80, 53]",fr,3.793,249,6.829,10000000,39003,102,6274.0,1.0
Starship Troopers,563,Starship Troopers,1997,"[12, 28, 53, 878]",en,7.126,5011,7.076,105000000,121214377,129,559.0,3.5
Unforgiven,33,Unforgiven,1992,[37],en,7.835,4506,7.9,14400000,159157447,130,174.0,4.0
Heat,949,Heat,1995,"[80, 18, 28]",en,8.349,7469,7.918,60000000,187400000,170,174.0,4.0
Le Corbeau,29084,Le Corbeau,1947,"[9648, 18, 53]",fr,3.561,287,7.5,0,0,92,13705.0,4.0
Cure,36095,Cure,1997,"[80, 53, 27, 9648]",ja,3.835,574,7.532,20000,99000,112,880.0,5.0
Rope,1580,Rope,1948,"[53, 80, 18]",en,3.929,2766,7.942,1500000,2200000,81,1554.0,4.0
The Discreet Charm of the Bourgeoisie,4593,The Discreet Charm of the Bourgeoisie,1972,[35],fr,3.952,821,7.47,800000,103230,101,1657.0,4.0
Final Destination 2,9358,Final Destination 2,2003,"[27, 9648]",en,7.451,4146,6.2,26000000,90941129,90,12.0,1.0
The Room,17473,The Room,2003,"[18, 10749]",en,3.587,1404,4.004,6000000,1752988,99,3330.0,0.5
Nope,762504,Nope,2022,"[27, 9648, 878, 53]",en,6.89,4275,6.848,68000000,170823080,130,88934.0,5.0
Uncut Gems,473033,Uncut Gems,2019,"[18, 53, 80]",en,6.214,4843,7.156,19000000,50023780,136,41077.0,4.0
Friday the 13th,4488,Friday the 13th,1980,[27],en,8.588,3007,6.4,550000,59754601,95,17611.0,2.0
Final Destination 3,9286,Final Destination 3,2006,"[27, 9648]",en,7.17,3938,6.101,25000000,118890272,92,12.0,3.0
Monterey Pop,42632,Monterey Pop,1968,"[10402, 99]",en,3.113,88,7.3,0,0,80,138344.0,3.0
A Bittersweet Life,11344,A Bittersweet Life,2005,"[28, 18, 80]",ko,3.889,888,7.5,0,0,119,3616.0,4.0
Rye Lane,1049638,Rye Lane,2023,"[35, 10749]",en,3.656,201,7.1,0,1600000,82,127929.0,5.0
Autumn Sonata,12761,Autumn Sonata,1978,[18],sv,3.817,623,7.984,0,0,93,26239.0,4.5
The Merciless,451997,The Merciless,2017,"[28, 80, 9648]",ko,3.606,125,7.1,0,0,120,7036.0,4.5
The Pool,550201,The Pool,2018,"[53, 27]",th,3.552,338,5.976,201822,0,91,86978.0,1.0
Suspiria,11906,Suspiria,1977,[27],it,4.73,2960,7.499,0,2900000,99,3570.0,4.5
Alien,348,Alien,1979,"[27, 878]",en,12.706,15089,8.2,11000000,104931801,117,25.0,3.0
The Truman Show,37165,The Truman Show,1998,"[35, 18]",en,12.397,18666,8.1,60000000,264100000,103,4.0,3.0
Aliens,679,Aliens,1986,"[28, 53, 878]",en,11.418,9976,7.951,18500000,183316455,137,396.0,3.0
Lake Mungo,27374,Lake Mungo,2008,"[27, 53]",en,3.662,564,6.2,2000000,0,87,5583.0,3.0
Alien³,8077,Alien³,1992,"[878, 28, 27]",en,5.081,5821,6.37,50000000,159773545,114,25.0,0.5
At Midnight I'll Take Your Soul,30913,At Midnight I'll Take Your Soul,1964,"[27, 53]",pt,3.545,107,6.7,0,0,83,19868.0,4.0
Alien Resurrection,8078,Alien Resurrection,1997,"[878, 27, 28]",en,6.313,5069,6.158,70000000,162000000,109,25.0,0.5
Coming Out,975960,Coming Out,2000,[18],fr,0.001,0,0.0,0,0,3,10767.0,3.0
Pulgasari,26974,Pulgasari,1985,"[27, 18, 14]",ko,1.775,50,5.6,0,0,95,45494.0,3.5
They Live,8337,They Live,1988,"[878, 28]",en,4.336,3109,7.3,4000000,13000000,93,17823.0,4.5
Aliens vs Predator: Requiem,440,Aliens vs Predator: Requiem,2007,"[28, 878, 53, 27]",en,8.848,2992,5.176,40000000,130290885,94,444.0,0.5
Hellraiser,9003,Hellraiser,1987,"[27, 53, 14]",en,4.753,2607,6.9,1000000,14575193,94,1950.0,3.0
Prometheus,70981,Prometheus,2012,"[878, 12, 9648]",en,6.604,12437,6.6,130000000,403354469,124,444.0,1.0
Deep Red,20126,Deep Red,1975,"[27, 9648, 53]",it,3.85,1480,7.8,0,2900000,127,3570.0,4.5
Ilo Ilo,188598,Ilo Ilo,2013,"[18, 10751]",zh,3.564,109,7.014,0,54071,100,57493.0,3.0
Bulbbul,714338,Bulbbul,2020,"[27, 14, 53]",hi,3.59,136,6.5,0,0,94,80879.0,1.0
Inferno,16395,Inferno,1980,"[27, 53]",it,3.561,615,6.6,3000000,0,107,11757.0,4.5
The Beyond,19204,The Beyond,1981,[27],it,3.627,589,6.9,400000,123843,88,13682.0,4.0
The Stuff,18502,The Stuff,1985,"[27, 878, 35]",en,3.746,479,6.0,1700000,0,87,17069.0,2.0
Concrete Utopia,729854,Concrete Utopia,2023,"[53, 878, 12, 28]",ko,4.367,246,6.978,0,28900000,130,127541.0,4.5
Guilty of Romance,80662,Guilty of Romance,2011,"[53, 27, 9648]",ja,3.747,215,6.918,0,246091,145,955.0,3.0
The Love Witch,374052,The Love Witch,2016,"[27, 35, 10749]",en,4.069,557,6.4,0,228894,121,36239.0,4.0
Alien: Covenant,126889,Alien: Covenant,2017,"[878, 27, 53]",en,10.82,8791,6.154,97000000,240891763,122,25.0,1.0
Alien: Romulus,945961,Alien: Romulus,2024,"[27, 878]",en,36.268,3413,7.2,80000000,350865342,119,127928.0,3.0
The Quiet Family,74336,The Quiet Family,1998,"[27, 35, 53, 80]",ko,3.566,181,7.1,0,0,98,21415.0,3.0
Little Monsters,503125,Little Monsters,2019,"[27, 35]",en,3.593,685,6.5,0,0,94,7584.0,2.0
Piranha,24831,Piranha,1978,"[27, 878]",en,3.668,679,5.9,660000,16000000,94,1950.0,3.0
Dawn of the Dead,923,Dawn of the Dead,2004,[27],en,5.654,2117,7.5,650000,55000000,127,83715.0,2.0
Whispering Corridors,40254,Whispering Corridors,1998,"[27, 18, 9648]",ko,3.544,110,6.1,600000,0,105,7036.0,3.0
Memento Mori,54111,Memento Mori,1999,"[27, 10749, 18]",ko,3.788,113,6.2,0,0,98,4580.0,3.5
Fireworks,5910,Fireworks,1997,"[80, 18]",ja,3.825,701,7.7,0,0,103,528.0,2.0
Eyes Without a Face,31417,Eyes Without a Face,1960,"[18, 27, 53]",fr,3.672,744,7.572,0,58656,84,1679.0,3.5
The Wicker Man,16307,The Wicker Man,1973,[27],en,3.973,1447,7.3,810000,513000,93,632.0,4.5
Stage Fright,20465,Stage Fright,1987,[27],it,3.587,213,6.5,1000000,0,90,12740.0,3.5
Rats: Night of Terror,83223,Rats: Night of Terror,1984,"[27, 878]",it,3.537,122,4.9,0,0,97,4835.0,2.0
New Nightmare,11596,New Nightmare,1994,"[27, 9648, 14]",en,3.871,1429,6.434,8000000,18090181,112,12.0,4.5
The Phantom Carriage,58129,The Phantom Carriage,1921,"[18, 14, 27]",sv,3.592,323,7.811,0,0,106,6181.0,4.0
Paprika,4977,Paprika,2006,"[16, 878, 53]",ja,6.022,2519,7.8,0,946590,90,3464.0,4.5
Nausicaä of the Valley of the Wind,81,Nausicaä of the Valley of the Wind,1984,"[12, 16, 14]",ja,6.389,3665,8.0,1000000,9016411,117,29.0,3.0
Seven Samurai,346,Seven Samurai,1954,"[28, 18]",ja,6.391,3816,8.5,2000000,105000000,207,882.0,4.5
Spider-Man,557,Spider-Man,2002,"[28, 878]",en,16.84,19400,7.304,139000000,821708551,121,19551.0,2.0
Le Samouraï,5511,Le Samouraï,1967,"[80, 53, 18]",fr,4.362,1123,7.768,0,215245,105,11788.0,4.0
Johanna d‘Arc of Mongolia,120268,Johanna d‘Arc of Mongolia,1989,"[18, 12]",de,0.222,6,6.1,0,0,165,4606.0,3.5
Rashomon,548,Rashomon,1950,"[80, 18, 9648]",ja,4.945,2273,8.069,250000,117668,88,880.0,4.5
Z,2721,Z,1969,"[53, 80, 18]",fr,3.559,549,7.8,0,83305,127,72.0,4.5
Battleship Potemkin,643,Battleship Potemkin,1925,"[18, 36, 10752]",ru,3.784,1185,7.617,0,45100,75,344.0,4.0
Touki Bouki,77771,Touki Bouki,1973,"[18, 10749]",wo,3.36,95,6.7,0,0,91,72471.0,4.0
Love for Sale,95342,Love for Sale,2006,[18],pt,2.126,59,7.5,0,13896,90,12068.0,4.5
Lady Snowblood,2487,Lady Snowblood,1973,"[28, 80, 18]",ja,3.644,371,7.5,0,0,97,44545.0,4.5
The Battle of Algiers,17295,The Battle of Algiers,1966,"[18, 10752, 36]",it,3.74,793,7.9,800000,964028,121,3280.0,4.5
In This Corner of the World,378108,In This Corner of the World,2016,"[18, 16, 10749, 10752, 36]",ja,3.687,567,7.901,0,19496308,130,5751.0,1.0
Home Alone 2: Lost in New York,772,Home Alone 2: Lost in New York,1992,"[35, 10751, 12]",en,13.25,9858,6.8,18000000,358994850,120,25.0,2.0
A Taste of Honey,25062,A Taste of Honey,1961,[18],en,3.537,101,7.0,153814,0,100,1980.0,1.0
In the Heights,467909,In the Heights,2021,"[18, 10749]",en,3.994,727,7.15,55000000,43000000,143,1785.0,1.0
The Day I Met You,1176508,The Day I Met You,2023,"[10749, 35]",pt,0.325,5,7.1,0,0,69,37098.0,4.0
To Live,31439,To Live,1994,"[18, 10749, 10752]",zh,3.848,323,8.0,0,0,133,1078.0,3.0
Thief,11524,Thief,1981,"[80, 53, 18]",en,4.284,717,7.179,5500000,11494812,123,20042.0,4.5
The Big Boss,12481,The Big Boss,1971,[28],zh,6.053,755,7.1,100000,0,99,2521.0,3.0
The Killer,10835,The Killer,1989,"[28, 80, 18, 53]",cn,4.189,806,7.6,0,2350174,110,3618.0,5.0
Hard Boiled,11782,Hard Boiled,1992,"[28, 53, 80]",cn,4.12,813,7.51,4500000,0,126,6213.0,4.5
Candyman,9529,Candyman,1992,"[18, 27, 53]",en,6.074,1642,6.6,6000000,25792310,100,278.0,1.0
The Bridges of Madison County,688,The Bridges of Madison County,1995,"[18, 10749]",en,5.074,2194,7.717,24000000,182000000,135,56.0,5.0
Suicide Club,12720,Suicide Club,2001,"[18, 27, 53]",ja,3.605,500,6.519,250000,0,99,1195.0,2.0
Bone Tomahawk,294963,Bone Tomahawk,2015,"[37, 27, 18]",en,4.178,2274,6.866,1800000,475846,133,11049.0,2.0
The Housemaid,45202,The Housemaid,2010,"[53, 18]",ko,3.646,325,6.4,4000000,0,107,3657.0,3.0
Anora,1064213,Anora,2024,"[18, 35, 10749]",en,269.054,1556,7.081,6000000,40989193,139,88152.0,3.5
Shaolin Soccer,11770,Shaolin Soccer,2001,"[28, 35]",cn,12.359,2294,7.1,10000005,42776760,113,3477.0,4.0
Peppermint Candy,41245,Peppermint Candy,1999,[18],ko,3.849,257,7.502,0,0,131,12836.0,3.0
Bright,400106,Bright,2017,"[14, 28, 53]",en,4.262,5698,6.153,90000000,0,117,101831.0,1.0
Insomnia,320,Insomnia,2002,"[80, 53]",en,4.485,4815,6.9,46000000,113714830,118,1088.0,1.0
Her,152601,Her,2013,"[10749, 878, 18]",en,7.489,14433,7.8,23000000,47351251,126,13184.0,1.0
Over the Hedge,7518,Over the Hedge,2006,"[10751, 35, 16]",en,5.539,4519,6.564,80000000,343397247,84,521.0,1.0
Passengers,274870,Passengers,2016,"[18, 10749, 878]",en,5.299,13414,6.951,110000000,303144152,116,5.0,1.0
Aquaman,297802,Aquaman,2018,"[28, 12, 14]",en,6.276,14220,6.878,160000000,1152028393,143,174.0,1.0
Dead Ringers,9540,Dead Ringers,1988,"[53, 27]",en,3.95,904,7.1,13000000,8038508,115,47396.0,1.0
Past Lives,666277,Past Lives,2023,"[18, 10749]",en,5.504,1838,7.7,12000000,28126646,106,41077.0,1.0
White Dog,47955,White Dog,1982,"[18, 27, 53]",en,3.539,266,6.667,8000000,46509,90,4.0,1.0
Requiem for a Dream,641,Requiem for a Dream,2000,"[80, 18]",en,3.412,10139,8.015,4500000,7390108,102,2188.0,1.0
Slumdog Millionaire,12405,Slumdog Millionaire,2008,"[18, 10749]",en,5.557,10686,7.733,15000000,378400000,120,3573.0,1.0
Pearl,949423,Pearl,2022,[27],en,8.323,2112,7.239,1000000,10139416,102,41077.0,1.0
Lightyear,718789,Lightyear,2022,"[16, 878, 10751, 12]",en,4.352,3494,6.9,200000000,226425420,105,3.0,1.0
AVP: Alien vs. Predator,395,AVP: Alien vs. Predator,2004,"[12, 878, 28, 27]",en,5.366,4519,5.9,70000000,177427090,100,264.0,1.0
Soylent Green,12101,Soylent Green,1973,"[878, 53, 80, 9648]",en,4.489,1291,6.9,0,3600000,97,21.0,1.0
Snowpiercer,110415,Snowpiercer,2013,"[28, 878, 18]",ko,8.843,9680,6.902,39200000,86758912,127,7270.0,1.0
Charlie and the Chocolate Factory,118,Charlie and the Chocolate Factory,2005,"[12, 35, 10751, 14]",en,12.044,15351,7.044,150000000,475000000,115,174.0,1.0
Charade,4808,Charade,1963,"[35, 9648, 10749]",en,4.57,1404,7.7,4000000,13475000,113,11404.0,2.0
Don't Look Up,646380,Don't Look Up,2021,"[35, 878, 18]",en,6.266,8465,7.1,75000000,791863,138,125055.0,1.0
Women Talking,777245,Women Talking,2022,[18],en,3.681,607,6.9,20000000,7589419,104,81.0,1.0
Matilda,10830,Matilda,1996,"[35, 10751, 14]",en,6.864,4496,7.167,36000000,33500000,98,216.0,2.0
X,760104,X,2022,"[27, 9648, 53]",en,9.139,3426,6.7,1000000,15113105,106,41077.0,2.0
Raya and the Last Dragon,527774,Raya and the Last Dragon,2021,"[16, 10751, 14, 28, 12]",en,10.779,6872,7.841,100000000,130423032,107,2.0,1.0
2046,844,2046,2004,"[18, 878, 10749]",zh,4.12,928,7.216,12000000,20205757,128,3407.0,2.0
The Power of the Dog,600583,The Power of the Dog,2021,"[18, 37]",en,4.285,2711,6.772,0,0,127,159767.0,2.0
Get Rich or Die Tryin',10060,Get Rich or Die Tryin',2005,"[18, 80, 10402]",en,3.979,933,6.8,40000000,46442528,117,54336.0,2.0
Rosemary's Baby,805,Rosemary's Baby,1968,"[18, 27, 53]",en,6.568,4008,7.8,3200000,33395426,138,10324.0,1.0
The Devil's Backbone,1433,The Devil's Backbone,2001,"[14, 18, 27, 53]",es,3.791,1235,7.3,4500000,6582065,108,1102.0,2.0
Y Tu Mamá También,1391,Y Tu Mamá También,2001,"[18, 10749]",es,5.359,1552,7.41,5000000,33600000,106,1101.0,1.0
Stealing Raden Saleh,832544,Stealing Raden Saleh,2022,"[28, 80, 18]",id,1.149,30,7.6,1240864,18612962,154,51422.0,2.0
Spencer,716612,Spencer,2021,"[18, 36]",en,4.074,1670,6.8,18000000,14000000,117,7493.0,1.0
The Black Phone,756999,The Black Phone,2021,"[27, 53]",en,8.249,5051,7.6,16000000,161440742,103,3172.0,2.0
Logan,263115,Logan,2017,"[28, 18, 878]",en,11.23,19482,7.8,97000000,619021436,137,91797.0,2.0
Worth,649394,Worth,2020,"[36, 18]",en,3.597,338,6.7,0,106645,118,73492.0,1.0
Being the Ricardos,517088,Being the Ricardos,2021,"[18, 36]",en,3.58,640,6.518,0,0,132,20580.0,1.0
Jules and Jim,1628,Jules and Jim,1962,"[18, 10749]",fr,3.6,987,7.57,0,0,106,53.0,2.0
The Suicide Squad,436969,The Suicide Squad,2021,"[28, 35, 12]",en,13.399,8789,7.49,185000000,168717425,132,128064.0,2.0
8 Mile,65,8 Mile,2002,"[18, 10402]",en,5.362,7368,7.137,41000000,242875078,111,24.0,2.0
Marcel the Shell with Shoes On,869626,Marcel the Shell with Shoes On,2021,"[16, 35, 18, 10751]",en,4.155,589,7.7,6000000,6909209,90,12219.0,2.0
Sound of Metal,502033,Sound of Metal,2019,"[18, 10402]",en,4.131,2581,7.718,0,516520,120,178367.0,2.0
"Merry Christmas, Mr. Lawrence",11948,"Merry Christmas, Mr. Lawrence",1983,"[18, 36, 10752]",ja,3.975,472,7.3,0,2306560,124,11561.0,2.0
Daisies,46919,Daisies,1966,"[35, 18]",cs,3.55,379,7.3,0,0,76,1931.0,3.0
Dawn of the Dead,924,Dawn of the Dead,2004,"[28, 27, 878]",en,7.729,4099,7.1,26000000,102278712,101,572.0,2.0
Oasis,26955,Oasis,2002,"[18, 10749]",ko,3.828,252,7.768,0,0,132,6596.0,4.5
Bedevilled,59421,Bedevilled,2010,"[53, 80, 18, 27]",ko,4.262,421,7.19,700000,0,115,6897.0,2.0
Gosford Park,5279,Gosford Park,2001,"[18, 9648, 53]",en,3.997,1122,6.83,19800000,87754044,137,11487.0,2.0
Furie,622654,Get In,2019,[53],fr,3.558,136,5.886,0,0,97,17653.0,2.0
Furies,988667,Furies,2022,"[28, 18]",vi,2.073,57,6.6,0,0,109,97367.0,1.0
The Fast and the Furious,9799,The Fast and the Furious,2001,"[28, 80, 53]",en,1.316,10152,6.986,38000000,207283925,106,26281.0,1.0
